binID	GTDB classification	SGB classification	SGB type	closest SGB	GTDB RED value	SGB MASH distance	GTDB placement	SGB assignment level
ECO002_001	d__Archaea;p__Methanobacteriota;c__Methanobacteria;o__Methanobacteriales;f__Methanobacteriaceae;g__Methanobrevibacter_A;s__	o__OFGB27186|f__FGB27186|g__GGB48683|s__GGB48683_SGB66754|t__SGB66754	uSGB	uSGB_66754	0.975	0.185		other
ECO002_004	d__Bacteria;p__Synergistota;c__Synergistia;o__Synergistales;f__Synergistaceae;g__;s__	s__Synergistes_jonesii|t__SGB15505	kSGB	kSGB_15505	0.778	0.320	class-level tree	species
ECO002_005	d__Bacteria;p__Firmicutes_A;c__Clostridia;o__Peptostreptococcales;f__Anaerovoracaceae;g__RGIG7111;s__	o__OFGB1216|f__FGB1216|g__GGB2981|s__GGB2981_SGB3963|t__SGB3963	uSGB	uSGB_3963	0.902	0.330	class-level tree	other
ECO002_007	d__Bacteria;p__Patescibacteria;c__Saccharimonadia;o__Saccharimonadales;f__Nanosyncoccaceae;g__Nanosyncoccus;s__	o__OFGB4342|f__FGB4342|g__GGB12759|s__GGB12759_SGB19764|t__SGB19764	uSGB	uSGB_19764	0.918	0.274	class-level tree	other
ECO002_008	d__Bacteria;p__Firmicutes_A;c__Clostridia;o__Christensenellales;f__CAG-74;g__JAAZPT01;s__	f__Clostridiales_unclassified|g__GGB25413|s__GGB25413_SGB43215|t__SGB43215	uSGB	uSGB_43215	0.923	0.320	class-level tree	family
ECO002_012	d__Bacteria;p__Firmicutes_A;c__Clostridia;o__Tissierellales;f__Peptoniphilaceae;g__;s__	o__OFGB1207|f__FGB1207|g__GGB2964|s__GGB2964_SGB3946|t__SGB3946	uSGB	uSGB_3946	0.781	0.329	class-level tree	other
ECO004_002	d__Bacteria;p__Firmicutes;c__Bacilli;o__Staphylococcales;f__Gemellaceae;g__Gemella;s__	s__Gemella_morbillorum|t__SGB7295	kSGB	kSGB_7295	0.992	0.086	class-level tree	species
ECO004_004	d__Bacteria;p__Patescibacteria;c__Saccharimonadia;o__Saccharimonadales;f__Nanosynbacteraceae;g__Nanosynbacter;s__	f__Candidatus_Saccharibacteria_unclassified|g__GGB12798|s__GGB12798_SGB19908|t__SGB19908	uSGB	uSGB_19908	0.981	0.073	class-level tree	family
ECO004_005	d__Bacteria;p__Proteobacteria;c__Gammaproteobacteria;o__Burkholderiales;f__Burkholderiaceae;g__Limnobacter;s__	s__Limnobacter_sp_MED105|t__SGB9067	kSGB	kSGB_9067	0.994	0.154	class-level tree	species
ECO010_003	d__Bacteria;p__Actinobacteriota;c__Actinomycetia;o__Actinomycetales;f__Actinomycetaceae;g__Pauljensenia;s__Pauljensenia mediterranea	s__Actinomyces_mediterranea|t__SGB33770	kSGB	kSGB_33770		0.025	tree & ANI congruent	species
ECO010_006	d__Bacteria;p__Synergistota;c__Synergistia;o__Synergistales;f__Synergistaceae;g__;s__	o__OFGB6188|f__FGB6188|g__GGB17919|s__GGB17919_SGB26545|t__SGB26545	uSGB	uSGB_26545	0.780	0.320	class-level tree	other
ECO010_007	d__Bacteria;p__Chloroflexota;c__Anaerolineae;o__Anaerolineales;f__Anaerolineaceae;g__Flexilinea;s__Flexilinea sp001717545	s__Anaerolineaceae_bacterium_oral_taxon_439|t__SGB17621	kSGB	kSGB_17621		0.026	tree & ANI congruent	species
EMN001_002	d__Bacteria;p__Firmicutes_A;c__Clostridia;o__Tissierellales;f__Peptoniphilaceae;g__Parvimonas;s__	s__Parvimonas_sp_oral_taxon_110|t__SGB6654	kSGB	kSGB_6654	0.988	0.091	class-level tree	species
EMN001_005	d__Bacteria;p__Patescibacteria;c__Paceibacteria;o__Moranbacterales;f__DUUL01;g__DUUL01;s__	o__OFGB42858|f__FGB42858|g__GGB47576|s__GGB47576_SGB65541|t__SGB65541	uSGB	uSGB_65541	0.936	0.234	class-level tree	other
EMN001_010	d__Bacteria;p__Chloroflexota;c__Anaerolineae;o__Anaerolineales;f__Anaerolineaceae;g__Flexilinea;s__	s__Anaerolineaceae_bacterium_oral_taxon_439|t__SGB17621	kSGB	kSGB_17621	0.979	0.175	class-level tree	species
EMN001_015	d__Bacteria;p__Firmicutes_A;c__Clostridia;o__Peptostreptococcales;f__Peptostreptococcaceae;g__Peptostreptococcus;s__Peptostreptococcus stomatis	s__Peptostreptococcus_stomatis|t__SGB748	kSGB	kSGB_748		0.047	tree & ANI congruent	species
EMN001_016	d__Bacteria;p__Patescibacteria;c__Saccharimonadia;o__Saccharimonadales;f__Nanosyncoccaceae;g__;s__	f__Candidatus_Saccharibacteria_unclassified|g__GGB12783|s__GGB12783_SGB19821|t__SGB19821	uSGB	uSGB_19821	0.762	0.071	class-level tree	family
EMN001_018	d__Bacteria;p__Actinobacteriota;c__Actinomycetia;o__Actinomycetales;f__Actinomycetaceae;g__Actinomyces;s__	s__Actinomyces_howellii|t__SGB33756	kSGB	kSGB_33756	0.967	0.153	class-level tree	species
EMN001_021	d__Bacteria;p__Bacteroidota;c__Chlorobia;o__Chlorobiales;f__Chlorobiaceae;g__Chlorobium;s__	s__Chlorobium_limicola|t__SGB8452	kSGB	kSGB_8452	0.946	0.247	class-level tree	species
EMN001_029	d__Bacteria;p__Firmicutes_A;c__Clostridia;o__Tissierellales;f__Peptoniphilaceae;g__W5053;s__W5053 sp000467935	s__Peptostreptococcaceae_bacterium_oral_taxon_113|t__SGB6626	kSGB	kSGB_6626		0.030	tree & ANI congruent	species
ESA006_002	d__Bacteria;p__Chloroflexota;c__Anaerolineae;o__Anaerolineales;f__Anaerolineaceae;g__Flexilinea;s__Flexilinea sp001717545	s__Anaerolineaceae_bacterium_oral_taxon_439|t__SGB17621	kSGB	kSGB_17621		0.024	tree & ANI congruent	species
ESA006_003	d__Bacteria;p__Patescibacteria;c__Saccharimonadia;o__Saccharimonadales;f__Saccharimonadaceae;g__Saccharimonas;s__Saccharimonas sp905372095	s__Candidatus_Saccharibacteria_bacterium_TM7_ANC_38_39_G1_1|t__SGB19883	kSGB	kSGB_19883		0.050	tree & ANI incongruent	species
ESA007_002	d__Archaea;p__Methanobacteriota;c__Methanobacteria;o__Methanobacteriales;f__Methanobacteriaceae;g__Methanobrevibacter_A;s__Methanobrevibacter_A oralis	s__Methanobrevibacter_oralis|t__SGB720	kSGB	kSGB_720		0.017	tree & ANI congruent	species
FUM002_007	d__Bacteria;p__Actinobacteriota;c__Actinomycetia;o__Propionibacteriales;f__Propionibacteriaceae;g__Brooklawnia;s__Brooklawnia sp000413315	s__Propionibacterium_sp_oral_taxon_192|t__SGB16999	kSGB	kSGB_16999		0.048	tree & ANI congruent	species
FUM002_008	d__Bacteria;p__Chloroflexota;c__Anaerolineae;o__Anaerolineales;f__Anaerolineaceae;g__Flexilinea;s__	s__Anaerolineaceae_bacterium_oral_taxon_439|t__SGB17621	kSGB	kSGB_17621	0.978	0.246	class-level tree	species
FUM003_001	d__Bacteria;p__Proteobacteria;c__Gammaproteobacteria;o__Burkholderiales;f__Burkholderiaceae;g__Pelomonas;s__Pelomonas puraquae	s__Pelomonas_puraquae|t__SGB12794	kSGB	kSGB_12794		0.009	tree & ANI congruent	species
GOY005_002	d__Bacteria;p__Proteobacteria;c__Gammaproteobacteria;o__Burkholderiales;f__Burkholderiaceae;g__Lautropia;s__	s__Lautropia_mirabilis|t__SGB13165	kSGB	kSGB_13165	0.996	0.072	class-level tree	species
GOY005_004	d__Bacteria;p__Firmicutes;c__Bacilli;o__Lactobacillales;f__Aerococcaceae;g__Abiotrophia;s__	s__Abiotrophia_sp_HMSC24B09|t__SGB8236	kSGB	kSGB_8236	0.995	0.107	class-level tree	species
GOY005_005	d__Bacteria;p__Proteobacteria;c__Gammaproteobacteria;o__Pseudomonadales;f__Moraxellaceae;g__Acinetobacter;s__Acinetobacter guillouiae	s__Acinetobacter_guillouiae|t__SGB10380	kSGB	kSGB_10380		0.031	tree & ANI congruent	species
GOY005_011	d__Bacteria;p__Firmicutes_A;c__Clostridia;o__Peptostreptococcales;f__Filifactoraceae;g__Peptoanaerobacter;s__	g__Peptoanaerobacter|s__Peptoanaerobacter_SGB6621|t__SGB6621	uSGB	uSGB_6621	0.996	0.071	class-level tree	genus
GOY005_012	d__Bacteria;p__Fusobacteriota;c__Fusobacteriia;o__Fusobacteriales;f__Leptotrichiaceae;g__Leptotrichia_A;s__Leptotrichia_A sp001274535	s__Leptotrichia_sp_oral_taxon_212|t__SGB6070	kSGB	kSGB_6070		0.061	tree & ANI congruent	species
GOY005_013	d__Bacteria;p__Proteobacteria;c__Gammaproteobacteria;o__Pseudomonadales;f__Moraxellaceae;g__Psychrobacter;s__Psychrobacter faecalis	s__Psychrobacter_sp_SHUES1|t__SGB10464	kSGB	kSGB_10464		0.031	tree & ANI congruent	species
GOY005_015	d__Bacteria;p__Firmicutes_A;c__Clostridia;o__Christensenellales;f__CAG-74;g__;s__	o__OFGB14121|f__FGB14121|g__GGB41359|s__GGB41359_SGB58416|t__SGB58416	uSGB	uSGB_58416	0.868	0.287	class-level tree	other
GOY006_001	d__Bacteria;p__Firmicutes;c__Bacilli;o__Staphylococcales;f__Gemellaceae;g__Gemella;s__	s__Gemella_morbillorum|t__SGB7295	kSGB	kSGB_7295	0.991	0.101	class-level tree	species
GOY006_003	d__Bacteria;p__Patescibacteria;c__Saccharimonadia;o__Saccharimonadales;f__Nanosynbacteraceae;g__Nanosynbacter;s__	f__Candidatus_Saccharibacteria_unclassified|g__GGB12798|s__GGB12798_SGB19907|t__SGB19907	uSGB	uSGB_19907	0.895	0.205	class-level tree	family
JAE006_002	d__Bacteria;p__Proteobacteria;c__Gammaproteobacteria;o__Burkholderiales;f__Neisseriaceae;g__Eikenella;s__Eikenella corrodens	s__Eikenella_corrodens|t__SGB9434	kSGB	kSGB_9434		0.038	tree & ANI congruent	species
JAE006_004	d__Bacteria;p__Bacteroidota;c__Bacteroidia;o__Flavobacteriales;f__Flavobacteriaceae;g__Capnocytophaga;s__Capnocytophaga bilenii	s__Capnocytophaga_sp_oral_taxon_332|t__SGB2489	kSGB	kSGB_2489		0.041	tree & ANI congruent	species
JAE006_005	d__Bacteria;p__Actinobacteriota;c__Actinomycetia;o__Actinomycetales;f__Actinomycetaceae;g__Actinomyces;s__Actinomyces sp002999235	s__Actinomyces_sp_oral_taxon_897|t__SGB15876	kSGB	kSGB_15876		0.017	tree & ANI congruent	species
JAE006_008	d__Bacteria;p__Firmicutes;c__Bacilli;o__Lactobacillales;f__Streptococcaceae;g__Streptococcus;s__	s__Streptococcus_sanguinis|t__SGB8041	kSGB	kSGB_8041	0.996	0.048	class-level tree	species
JAE006_009	d__Bacteria;p__Proteobacteria;c__Gammaproteobacteria;o__Burkholderiales;f__Neisseriaceae;g__Neisseria;s__Neisseria mucosa	s__Neisseria_sicca|t__SGB9465	kSGB	kSGB_9465		0.038	tree & ANI incongruent	species
JAE006_011	d__Bacteria;p__Actinobacteriota;c__Actinomycetia;o__Actinomycetales;f__Micrococcaceae;g__Rothia;s__Rothia aeria	s__Rothia_aeria|t__SGB16987	kSGB	kSGB_16987		0.028	tree & ANI congruent	species
JAE006_013	d__Bacteria;p__Bacteroidota;c__Bacteroidia;o__Flavobacteriales;f__Flavobacteriaceae;g__Capnocytophaga;s__Capnocytophaga sp000466425	s__Capnocytophaga_sp_oral_taxon_863|t__SGB2486	kSGB	kSGB_2486		0.035	tree & ANI congruent	species
JAE006_016	d__Bacteria;p__Actinobacteriota;c__Actinomycetia;o__Propionibacteriales;f__Propionibacteriaceae;g__Arachnia;s__Arachnia propionica	s__Pseudopropionibacterium_propionicum|t__SGB15897	kSGB	kSGB_15897		0.028	tree & ANI congruent	species
JAE006_018	d__Bacteria;p__Proteobacteria;c__Gammaproteobacteria;o__Pseudomonadales;f__Moraxellaceae;g__Moraxella;s__	f__Moraxellaceae|g__GGB7107|s__GGB7107_SGB10420|t__SGB10420	uSGB	uSGB_10420	0.970	0.032	class-level tree	family
JAE006_021	d__Bacteria;p__Bacteroidota;c__Bacteroidia;o__Bacteroidales;f__Paludibacteraceae;g__F0058;s__F0058 sp905372135	g__Bacteroidetes_unclassified|s__Bacteroidetes_unclassified_SGB1343|t__SGB1343	uSGB	uSGB_1343		0.040	tree & ANI incongruent	genus
JAE006_022	d__Bacteria;p__Bacteroidota;c__Bacteroidia;o__Flavobacteriales;f__Flavobacteriaceae;g__Capnocytophaga;s__Capnocytophaga granulosa	s__Capnocytophaga_granulosa|t__SGB2483	kSGB	kSGB_2483		0.044	tree & ANI congruent	species
JAE006_023	d__Bacteria;p__Actinobacteriota;c__Actinomycetia;o__Actinomycetales;f__Actinomycetaceae;g__Actinomyces;s__Actinomyces sp900323545	s__Actinomyces_sp_Marseille_P3109|t__SGB15885	kSGB	kSGB_15885		0.016	tree & ANI congruent	species
JAE006_024	d__Bacteria;p__Actinobacteriota;c__Actinomycetia;o__Mycobacteriales;f__Mycobacteriaceae;g__Corynebacterium;s__Corynebacterium durum	s__Corynebacterium_durum|t__SGB17008	kSGB	kSGB_17008		0.023	tree & ANI congruent	species
JAE007_004	d__Bacteria;p__Fusobacteriota;c__Fusobacteriia;o__Fusobacteriales;f__Leptotrichiaceae;g__Leptotrichia_A;s__Leptotrichia_A sp001274535	s__Leptotrichia_sp_oral_taxon_212|t__SGB6070	kSGB	kSGB_6070		0.046	tree & ANI congruent	species
JAE007_010	d__Bacteria;p__Bacteroidota;c__Bacteroidia;o__Flavobacteriales;f__Flavobacteriaceae;g__Capnocytophaga;s__Capnocytophaga leadbetteri	s__Capnocytophaga_leadbetteri|t__SGB2495	kSGB	kSGB_2495		0.043	tree & ANI congruent	species
JAE007_013	d__Bacteria;p__Proteobacteria;c__Gammaproteobacteria;o__Enterobacterales;f__Pasteurellaceae;g__Aggregatibacter;s__Aggregatibacter kilianii	s__Aggregatibacter_aphrophilus|t__SGB9731	kSGB	kSGB_9731		0.033	tree & ANI congruent	species
JAE007_015	d__Bacteria;p__Bacteroidota;c__Bacteroidia;o__Flavobacteriales;f__Flavobacteriaceae;g__Capnocytophaga;s__Capnocytophaga gingivalis	s__Capnocytophaga_gingivalis|t__SGB2479	kSGB	kSGB_2479		0.033	tree & ANI congruent	species
JAE007_017	d__Bacteria;p__Actinobacteriota;c__Actinomycetia;o__Actinomycetales;f__Micrococcaceae;g__Rothia;s__Rothia aeria	s__Rothia_aeria|t__SGB16987	kSGB	kSGB_16987		0.035	tree & ANI congruent	species
JAE007_018	d__Bacteria;p__Bacteroidota;c__Bacteroidia;o__Bacteroidales;f__Porphyromonadaceae;g__Porphyromonas;s__Porphyromonas endodontalis	s__Porphyromonas_endodontalis|t__SGB2016	kSGB	kSGB_2016		0.042	tree & ANI congruent	species
JAE008_001	d__Bacteria;p__Proteobacteria;c__Gammaproteobacteria;o__Burkholderiales;f__Burkholderiaceae;g__Lautropia;s__Lautropia dentalis	s__Lautropia_sp_KCOM_2505|t__SGB13164	kSGB	kSGB_13164		0.020	tree & ANI congruent	species
JAE008_004	d__Bacteria;p__Bacteroidota;c__Bacteroidia;o__Bacteroidales;f__Porphyromonadaceae;g__Porphyromonas;s__	f__Porphyromonadaceae|g__GGB1472|s__GGB1472_SGB2037|t__SGB2037	uSGB	uSGB_2037	0.994	0.034	class-level tree	family
JAE008_005	d__Bacteria;p__Chloroflexota;c__Anaerolineae;o__Anaerolineales;f__Anaerolineaceae;g__Flexilinea;s__	s__Anaerolineaceae_bacterium_oral_taxon_439|t__SGB17621	kSGB	kSGB_17621	0.997	0.051	class-level tree	species
JAE008_009	d__Bacteria;p__Bacteroidota;c__Bacteroidia;o__Bacteroidales;f__CAJPTX01;g__Bacteroides_D;s__Bacteroides_D sp013333835	o__OFGB496|f__FGB496|g__GGB1025|s__GGB1025_SGB1319|t__SGB1319	uSGB	uSGB_1319		0.036	tree & ANI congruent	other
JAE008_011	d__Bacteria;p__Actinobacteriota;c__Actinomycetia;o__Propionibacteriales;f__Propionibacteriaceae;g__Arachnia;s__Arachnia rubra	f__Propionibacteriaceae|g__GGB10022|s__GGB10022_SGB15896|t__SGB15896	uSGB	uSGB_15896		0.014	tree & ANI congruent	family
JAE008_014	d__Bacteria;p__Patescibacteria;c__Saccharimonadia;o__Saccharimonadales;f__Nanosynbacteraceae;g__Nanosynbacter;s__	g__Candidatus_Saccharibacteria_unclassified|s__Candidatus_Saccharibacteria_unclassified_SGB19905|t__SGB19905	uSGB	uSGB_19905	0.986	0.023	class-level tree	genus
JAE009_007	d__Bacteria;p__Actinobacteriota;c__Actinomycetia;o__Mycobacteriales;f__Mycobacteriaceae;g__Corynebacterium;s__Corynebacterium durum	s__Corynebacterium_durum|t__SGB17008	kSGB	kSGB_17008		0.034	tree & ANI congruent	species
JAE009_011	d__Bacteria;p__Actinobacteriota;c__Actinomycetia;o__Propionibacteriales;f__Propionibacteriaceae;g__Arachnia;s__Arachnia propionica	s__Pseudopropionibacterium_propionicum|t__SGB15897	kSGB	kSGB_15897		0.023	tree & ANI congruent	species
JAE009_014	d__Bacteria;p__Proteobacteria;c__Gammaproteobacteria;o__Burkholderiales;f__Burkholderiaceae;g__Ottowia;s__	s__Ottowia_sp_Marseille_P4747|t__SGB12664	kSGB	kSGB_12664	0.973	0.157	class-level tree	species
JAE009_017	d__Bacteria;p__Firmicutes_A;c__Clostridia;o__Peptostreptococcales;f__Anaerovoracaceae;g__Eubacterium_N;s__Eubacterium_N saphenum	s__Eubacterium_saphenum|t__SGB3945	kSGB	kSGB_3945		0.031	tree & ANI congruent	species
JAE009_019	d__Bacteria;p__Proteobacteria;c__Gammaproteobacteria;o__Burkholderiales;f__Neisseriaceae;g__Eikenella;s__Eikenella halliae	s__Eikenella_sp_NML130454|t__SGB9430	kSGB	kSGB_9430		0.041	tree & ANI congruent	species
JAE009_026	d__Bacteria;p__Patescibacteria;c__Saccharimonadia;o__Saccharimonadales;f__Nanosynbacteraceae;g__Nanosynbacter;s__	f__Candidatus_Saccharibacteria_unclassified|g__GGB12798|s__GGB12798_SGB19907|t__SGB19907	uSGB	uSGB_19907	0.989	0.068	class-level tree	family
JAE009_029	d__Bacteria;p__Firmicutes_A;c__Clostridia;o__Peptostreptococcales;f__Anaerovoracaceae;g__Mogibacterium;s__Mogibacterium timidum	s__Mogibacterium_timidum|t__SGB3920	kSGB	kSGB_3920		0.020	tree & ANI congruent	species
JAE010_003	d__Bacteria;p__Bacteroidota;c__Bacteroidia;o__Flavobacteriales;f__Flavobacteriaceae;g__Capnocytophaga;s__Capnocytophaga sputigena	s__Capnocytophaga_sputigena|t__SGB2502	kSGB	kSGB_2502		0.041	tree & ANI congruent	species
JAE010_015	d__Archaea;p__Thermoplasmatota;c__Thermoplasmata;o__Methanomassiliicoccales;f__Methanomethylophilaceae;g__Methanomethylophilus;s__	f__Methanomassiliicoccaceae|g__GGB27304|s__GGB27304_SGB39546|t__SGB39546	uSGB	uSGB_39546	0.925	0.228		family
JAE010_017	d__Bacteria;p__Proteobacteria;c__Gammaproteobacteria;o__Burkholderiales;f__Neisseriaceae;g__Neisseria;s__Neisseria sicca	s__Neisseria_sicca|t__SGB9467	kSGB	kSGB_9467		0.040	tree & ANI incongruent	species
JAE010_019	d__Bacteria;p__Firmicutes;c__Bacilli;o__Lactobacillales;f__Streptococcaceae;g__Streptococcus;s__Streptococcus gordonii	s__Streptococcus_gordonii|t__SGB8053	kSGB	kSGB_8053		0.045	tree & ANI incongruent	species
JAE010_020	d__Bacteria;p__Proteobacteria;c__Gammaproteobacteria;o__Burkholderiales;f__Neisseriaceae;g__Kingella_B;s__Kingella_B oralis	s__Kingella_oralis|t__SGB9422	kSGB	kSGB_9422		0.036	tree & ANI congruent	species
JAE010_021	d__Bacteria;p__Firmicutes;c__Bacilli;o__Lactobacillales;f__Aerococcaceae;g__Abiotrophia;s__Abiotrophia defectiva	s__Abiotrophia_defectiva|t__SGB8235	kSGB	kSGB_8235		0.052	tree & ANI congruent	species
JAE012_003	d__Bacteria;p__Proteobacteria;c__Gammaproteobacteria;o__Burkholderiales;f__Neisseriaceae;g__Neisseria;s__Neisseria bacilliformis	s__Neisseria_bacilliformis|t__SGB9426	kSGB	kSGB_9426		0.025	tree & ANI congruent	species
JAE012_005	d__Bacteria;p__Actinobacteriota;c__Actinomycetia;o__Actinomycetales;f__Micrococcaceae;g__Rothia;s__Rothia dentocariosa	s__Rothia_dentocariosa|t__SGB16988	kSGB	kSGB_16988		0.036	tree & ANI congruent	species
JAE012_006	d__Bacteria;p__Firmicutes;c__Bacilli;o__Lactobacillales;f__Streptococcaceae;g__Streptococcus;s__Streptococcus sanguinis_H	g__Streptococcus|s__Streptococcus_SGB8043|t__SGB8043	uSGB	uSGB_8043		0.041	tree & ANI congruent	genus
JAE012_009	d__Bacteria;p__Patescibacteria;c__JAEDAM01;o__Absconditabacterales;f__X112;g__HOT-345;s__HOT-345 sp013333605	s__candidate_division_SR1_bacterium_MGEHA|t__SGB6891	kSGB	kSGB_6891		0.047	tree & ANI congruent	species
JAE012_011	d__Bacteria;p__Proteobacteria;c__Gammaproteobacteria;o__Burkholderiales;f__Neisseriaceae;g__Neisseria;s__Neisseria elongata	s__Neisseria_elongata|t__SGB9447	kSGB	kSGB_9447		0.036	tree & ANI congruent	species
JAE012_012	d__Bacteria;p__Bacteroidota;c__Bacteroidia;o__Bacteroidales;f__Bacteroidaceae;g__Prevotella;s__Prevotella loescheii	s__Prevotella_loescheii|t__SGB1457	kSGB	kSGB_1457		0.034	tree & ANI congruent	species
JAE012_016	d__Bacteria;p__Proteobacteria;c__Gammaproteobacteria;o__Cardiobacteriales;f__Cardiobacteriaceae;g__Cardiobacterium;s__Cardiobacterium hominis	s__Cardiobacterium_hominis|t__SGB9418	kSGB	kSGB_9418		0.029	tree & ANI congruent	species
JAE012_021	d__Bacteria;p__Actinobacteriota;c__Actinomycetia;o__Mycobacteriales;f__Mycobacteriaceae;g__Corynebacterium;s__Corynebacterium matruchotii	s__Corynebacterium_matruchotii|t__SGB17007	kSGB	kSGB_17007		0.023	tree & ANI congruent	species
JAE012_023	d__Bacteria;p__Bacteroidota;c__Bacteroidia;o__Flavobacteriales;f__Flavobacteriaceae;g__Capnocytophaga;s__Capnocytophaga leadbetteri	s__Capnocytophaga_leadbetteri|t__SGB2495	kSGB	kSGB_2495		0.049	tree & ANI congruent	species
JAE012_024	d__Bacteria;p__Actinobacteriota;c__Coriobacteriia;o__Coriobacteriales;f__Atopobiaceae;g__Olsenella_F;s__Olsenella_F profusa_A	s__Olsenella_profusa|t__SGB14387	kSGB	kSGB_14387		0.028	tree & ANI congruent	species
JAE012_028	d__Bacteria;p__Firmicutes;c__Bacilli;o__Lactobacillales;f__Streptococcaceae;g__Streptococcus;s__Streptococcus oralis	g__Prochlorococcus|s__Prochlorococcus_SGB48637|t__SGB48637	uSGB	uSGB_48637		0.048	tree & ANI incongruent	genus
JAE013_004	d__Bacteria;p__Actinobacteriota;c__Actinomycetia;o__Actinomycetales;f__Actinomycetaceae;g__Actinomyces;s__Actinomyces massiliensis	s__Actinomyces_massiliensis|t__SGB15873	kSGB	kSGB_15873		0.033	tree & ANI congruent	species
JAE013_005	d__Bacteria;p__Proteobacteria;c__Gammaproteobacteria;o__Burkholderiales;f__Burkholderiaceae;g__Lautropia;s__Lautropia mirabilis	s__Lautropia_mirabilis|t__SGB13165	kSGB	kSGB_13165		0.031	tree & ANI congruent	species
JAE013_009	d__Bacteria;p__Bacteroidota;c__Bacteroidia;o__Flavobacteriales;f__Flavobacteriaceae;g__Capnocytophaga;s__	g__Capnocytophaga|s__Capnocytophaga_SGB2480|t__SGB2480	uSGB	uSGB_2480	0.995	0.039	class-level tree	genus
JAE013_011	d__Bacteria;p__Proteobacteria;c__Gammaproteobacteria;o__Burkholderiales;f__Burkholderiaceae;g__Ottowia;s__Ottowia sp001262075	s__Ottowia_sp_Marseille_P4747|t__SGB12664	kSGB	kSGB_12664		0.022	tree & ANI congruent	species
JAE013_012	d__Bacteria;p__Proteobacteria;c__Gammaproteobacteria;o__Burkholderiales;f__Neisseriaceae;g__Kingella_A;s__Kingella_A denitrificans	s__Kingella_denitrificans|t__SGB9437	kSGB	kSGB_9437		0.036	tree & ANI congruent	species
JAE014_007	d__Bacteria;p__Actinobacteriota;c__Actinomycetia;o__Actinomycetales;f__Actinomycetaceae;g__Pauljensenia;s__Pauljensenia cardiffensis	s__Schaalia_cardiffensis|t__SGB17147	kSGB	kSGB_17147		0.025	tree & ANI congruent	species
JAE014_008	d__Bacteria;p__Patescibacteria;c__Saccharimonadia;o__Saccharimonadales;f__Nanosynbacteraceae;g__Nanosynbacter;s__	f__Candidatus_Saccharibacteria_unclassified|g__GGB12796|s__GGB12796_SGB19895|t__SGB19895	uSGB	uSGB_19895	0.930	0.164	class-level tree	family
JAE014_012	d__Bacteria;p__Actinobacteriota;c__Actinomycetia;o__Actinomycetales;f__Actinomycetaceae;g__Actinomyces;s__Actinomyces dentalis	s__Actinomyces_dentalis|t__SGB15877	kSGB	kSGB_15877		0.036	tree & ANI congruent	species
JAE014_013	d__Bacteria;p__Proteobacteria;c__Gammaproteobacteria;o__Burkholderiales;f__Burkholderiaceae;g__Ottowia;s__Ottowia sp001262075	s__Ottowia_sp_Marseille_P4747|t__SGB12664	kSGB	kSGB_12664		0.031	tree & ANI congruent	species
JAE014_016	d__Bacteria;p__Patescibacteria;c__Saccharimonadia;o__Saccharimonadales;f__Nanosynbacteraceae;g__Nanosynbacter;s__	f__Candidatus_Saccharibacteria_unclassified|g__GGB12798|s__GGB12798_SGB19908|t__SGB19908	uSGB	uSGB_19908	0.984	0.070	class-level tree	family
JAE014_018	d__Bacteria;p__Actinobacteriota;c__Actinomycetia;o__Actinomycetales;f__Actinomycetaceae;g__Actinomyces;s__	s__Actinomyces_radicidentis|t__SGB15891	kSGB	kSGB_15891	0.983	0.164	class-level tree	species
JAE014_020	d__Bacteria;p__Firmicutes_A;c__Clostridia;o__Peptostreptococcales;f__Anaerovoracaceae;g__Hornefia;s__Hornefia nodata	s__Eubacterium_nodatum|t__SGB6627	kSGB	kSGB_6627		0.035	tree & ANI congruent	species
JAE014_024	d__Bacteria;p__Actinobacteriota;c__Actinomycetia;o__Mycobacteriales;f__Mycobacteriaceae;g__Corynebacterium;s__	g__Corynebacterium|s__Corynebacterium_SGB17006|t__SGB17006	uSGB	uSGB_17006	0.998	0.030	class-level tree	genus
JAE014_025	d__Bacteria;p__Actinobacteriota;c__Actinomycetia;o__Actinomycetales;f__Micrococcaceae;g__Rothia;s__Rothia aeria	s__Rothia_aeria|t__SGB16987	kSGB	kSGB_16987		0.034	tree & ANI congruent	species
JAE014_027	d__Bacteria;p__Actinobacteriota;c__Coriobacteriia;o__Coriobacteriales;f__Atopobiaceae;g__Olsenella_F;s__Olsenella_F sp001189515	s__Olsenella_sp_oral_taxon_807|t__SGB14348	kSGB	kSGB_14348		0.030	tree & ANI congruent	species
JAE014_029	d__Bacteria;p__Proteobacteria;c__Gammaproteobacteria;o__Cardiobacteriales;f__Cardiobacteriaceae;g__Cardiobacterium;s__	g__Cardiobacterium|s__Cardiobacterium_SGB9415|t__SGB9415	uSGB	uSGB_9415	0.991	0.052	class-level tree	genus
JAE014_033	d__Bacteria;p__Bacteroidota;c__Bacteroidia;o__Bacteroidales;f__Porphyromonadaceae;g__Porphyromonas;s__Porphyromonas gingivalis	s__Porphyromonas_gingivalis|t__SGB2057	kSGB	kSGB_2057		0.030	tree & ANI congruent	species
JAE014_035	d__Bacteria;p__Firmicutes_A;c__Clostridia;o__Peptostreptococcales;f__Anaerovoracaceae;g__Mogibacterium;s__Mogibacterium timidum	s__Mogibacterium_timidum|t__SGB3920	kSGB	kSGB_3920		0.034	tree & ANI congruent	species
JAE015_001	d__Bacteria;p__Proteobacteria;c__Gammaproteobacteria;o__Enterobacterales;f__Pasteurellaceae;g__Aggregatibacter;s__Aggregatibacter segnis	s__Aggregatibacter_segnis|t__SGB9738	kSGB	kSGB_9738		0.051	tree & ANI congruent	species
JAE015_009	d__Bacteria;p__Firmicutes_A;c__Clostridia;o__Peptostreptococcales;f__Filifactoraceae;g__Filifactor;s__Filifactor alocis	s__Filifactor_alocis|t__SGB6629	kSGB	kSGB_6629		0.036	tree & ANI congruent	species
JAE015_012	d__Bacteria;p__Chloroflexota;c__Anaerolineae;o__Anaerolineales;f__Anaerolineaceae;g__Flexilinea;s__Flexilinea sp001717545	s__Anaerolineaceae_bacterium_oral_taxon_439|t__SGB17621	kSGB	kSGB_17621		0.011	tree & ANI congruent	species
JAE015_013	d__Bacteria;p__Firmicutes_A;c__Clostridia;o__Lachnospirales;f__Lachnospiraceae;g__;s__	o__OFGB1394|f__FGB1394|g__GGB3386|s__GGB3386_SGB4474|t__SGB4474	uSGB	uSGB_4474	0.898	0.303	class-level tree	other
JAE015_016	d__Bacteria;p__Patescibacteria;c__Saccharimonadia;o__Saccharimonadales;f__Saccharimonadaceae;g__Saccharimonas;s__Saccharimonas sp905371595	s__Candidatus_Saccharibacteria_bacterium_TM7_ANC_38_39_G1_1|t__SGB19883	kSGB	kSGB_19883		0.046	tree & ANI incongruent	species
JAE015_023	d__Bacteria;p__Desulfobacterota_I;c__Desulfovibrionia;o__Desulfovibrionales;f__Desulfomicrobiaceae;g__Desulfomicrobium;s__Desulfomicrobium orale	s__Desulfomicrobium_orale|t__SGB22210	kSGB	kSGB_22210		0.014	tree & ANI congruent	species
JAE015_026	d__Bacteria;p__Bacteroidota;c__Bacteroidia;o__Bacteroidales;f__Tannerellaceae;g__Tannerella;s__Tannerella forsythia	s__Tannerella_forsythia|t__SGB2053	kSGB	kSGB_2053		0.014	tree & ANI congruent	species
JAE015_031	d__Bacteria;p__Actinobacteriota;c__Coriobacteriia;o__Coriobacteriales;f__Atopobiaceae;g__Olsenella;s__Olsenella uli	s__Olsenella_uli|t__SGB14386	kSGB	kSGB_14386		0.010	tree & ANI congruent	species
JAE016_001	d__Bacteria;p__Patescibacteria;c__Saccharimonadia;o__Saccharimonadales;f__Saccharimonadaceae;g__Saccharimonas;s__	o__OFGB4356|f__FGB4356|g__GGB12790|s__GGB12790_SGB19845|t__SGB19845	uSGB	uSGB_19845	0.994	0.046	class-level tree	other
JAE016_003	d__Bacteria;p__Bacteroidota;c__Bacteroidia;o__Bacteroidales;f__Porphyromonadaceae;g__Porphyromonas;s__Porphyromonas gingivalis	s__Porphyromonas_gingivalis|t__SGB2057	kSGB	kSGB_2057		0.014	tree & ANI congruent	species
JAE016_004	d__Bacteria;p__Proteobacteria;c__Gammaproteobacteria;o__Cardiobacteriales;f__Cardiobacteriaceae;g__Cardiobacterium;s__	g__Cardiobacterium|s__Cardiobacterium_SGB9419|t__SGB9419	uSGB	uSGB_9419	0.979	0.037	class-level tree	genus
JAE016_008	d__Bacteria;p__Desulfobacterota_I;c__Desulfovibrionia;o__Desulfovibrionales;f__Desulfovibrionaceae;g__Desulfovibrio;s__Desulfovibrio sp003860215	s__Desulfovibrio_sp_OH1186_COT_070|t__SGB29646	kSGB	kSGB_29646		0.019	tree & ANI congruent	species
JAE016_010	d__Bacteria;p__Firmicutes_A;c__Clostridia;o__Lachnospirales;f__Lachnospiraceae;g__Johnsonella;s__	o__OFGB1394|f__FGB1394|g__GGB3386|s__GGB3386_SGB4474|t__SGB4474	uSGB	uSGB_4474	0.952	0.018	class-level tree	other
JAE016_011	d__Bacteria;p__Firmicutes_A;c__Clostridia;o__Eubacteriales;f__Eubacteriaceae;g__Pseudoramibacter;s__Pseudoramibacter alactolyticus	s__Pseudoramibacter_alactolyticus|t__SGB4082	kSGB	kSGB_4082		0.025	tree & ANI congruent	species
JAE016_013	d__Bacteria;p__Actinobacteriota;c__Actinomycetia;o__Actinomycetales;f__Actinomycetaceae;g__Actinomyces;s__	s__Actinomyces_israelii|t__SGB15875	kSGB	kSGB_15875	0.988	0.060	class-level tree	species
JAE016_014	d__Bacteria;p__Bacteroidota;c__Bacteroidia;o__Bacteroidales;f__Tannerellaceae;g__Tannerella;s__	s__Tannerella_sp_oral_taxon_808|t__SGB2047	kSGB	kSGB_2047	0.994	0.122	class-level tree	species
JAE016_016	d__Bacteria;p__Patescibacteria;c__Saccharimonadia;o__Saccharimonadales;f__Nanosynbacteraceae;g__Nanosynbacter;s__Nanosynbacter sp010202115	g__Candidatus_Saccharibacteria_unclassified|s__Candidatus_Saccharibacteria_unclassified_SGB19901|t__SGB19901	uSGB	uSGB_19901		0.045	tree & ANI congruent	genus
JAE016_024	d__Bacteria;p__Actinobacteriota;c__Coriobacteriia;o__Coriobacteriales;f__Eggerthellaceae;g__;s__	s__Slackia_exigua|t__SGB14784	kSGB	kSGB_14784	0.859	0.172	class-level tree	species
JAE016_025	d__Bacteria;p__Patescibacteria;c__Saccharimonadia;o__Saccharimonadales;f__Saccharimonadaceae;g__Saccharimonas;s__	f__Candidatus_Saccharibacteria_unclassified|g__GGB12794|s__GGB12794_SGB19881|t__SGB19881	uSGB	uSGB_19881	0.968	0.023	class-level tree	family
JAE016_032	d__Bacteria;p__Actinobacteriota;c__Coriobacteriia;o__Coriobacteriales;f__Eggerthellaceae;g__Slackia;s__Slackia exigua	s__Slackia_exigua|t__SGB14784	kSGB	kSGB_14784		0.026	tree & ANI congruent	species
JAE016_034	d__Bacteria;p__Bacteroidota;c__Bacteroidia;o__Bacteroidales;f__Bacteroidaceae;g__Phocaeicola;s__Phocaeicola abscessus	s__Phocaeicola_abscessus|t__SGB2052	kSGB	kSGB_2052		0.008	tree & ANI congruent	species
JAE016_040	d__Bacteria;p__Spirochaetota;c__Spirochaetia;o__Treponematales;f__Treponemataceae;g__Treponema;s__Treponema sp010365865	g__Treponema|s__Treponema_SGB3607|t__SGB3607	uSGB	uSGB_3607		0.024	tree & ANI congruent	genus
JAE016_042	d__Bacteria;p__Actinobacteriota;c__Actinomycetia;o__Actinomycetales;f__Actinomycetaceae;g__Peptidiphaga;s__	g__Actinomyces|s__Actinomyces_SGB15895|t__SGB15895	uSGB	uSGB_15895	0.997	0.074	class-level tree	genus
LIS001_003	d__Bacteria;p__Firmicutes_A;c__Clostridia;o__Peptostreptococcales;f__Anaerovoracaceae;g__Eubacterium_N;s__Eubacterium_N saphenum	s__Eubacterium_saphenum|t__SGB3945	kSGB	kSGB_3945		0.045	tree & ANI congruent	species
MOA001_005	d__Bacteria;p__Actinobacteriota;c__Actinomycetia;o__Actinomycetales;f__Actinomycetaceae;g__Actinomyces;s__Actinomyces dentalis	s__Actinomyces_dentalis|t__SGB15877	kSGB	kSGB_15877		0.046	tree & ANI congruent	species
MOA001_006	d__Bacteria;p__Firmicutes_A;c__Clostridia;o__Lachnospirales;f__Lachnospiraceae;g__Johnsonella;s__	o__OFGB1394|f__FGB1394|g__GGB3386|s__GGB3386_SGB4474|t__SGB4474	uSGB	uSGB_4474	0.950	0.025	class-level tree	other
OAK002_002	d__Bacteria;p__Actinobacteriota;c__Actinomycetia;o__Actinomycetales;f__Micrococcaceae;g__Rothia;s__Rothia aeria	s__Rothia_aeria|t__SGB16987	kSGB	kSGB_16987		0.046	tree & ANI congruent	species
OAK002_003	d__Bacteria;p__Actinobacteriota;c__Actinomycetia;o__Actinomycetales;f__Actinomycetaceae;g__Peptidiphaga;s__	g__Actinomyces|s__Actinomyces_SGB15893|t__SGB15893	uSGB	uSGB_15893	0.985	0.024	class-level tree	genus
OAK002_005	d__Bacteria;p__Actinobacteriota;c__Actinomycetia;o__Propionibacteriales;f__Propionibacteriaceae;g__Brooklawnia;s__Brooklawnia sp000413315	s__Propionibacterium_sp_oral_taxon_192|t__SGB16999	kSGB	kSGB_16999		0.025	tree & ANI congruent	species
OAK002_006	d__Bacteria;p__Proteobacteria;c__Gammaproteobacteria;o__Enterobacterales;f__Pasteurellaceae;g__Aggregatibacter;s__Aggregatibacter kilianii	s__Aggregatibacter_aphrophilus|t__SGB9731	kSGB	kSGB_9731		0.053	tree & ANI congruent	species
OAK002_007	d__Bacteria;p__Actinobacteriota;c__Actinomycetia;o__Mycobacteriales;f__Mycobacteriaceae;g__Corynebacterium;s__Corynebacterium durum	s__Corynebacterium_durum|t__SGB17008	kSGB	kSGB_17008		0.034	tree & ANI congruent	species
OAK002_008	d__Bacteria;p__Firmicutes;c__Bacilli;o__Lactobacillales;f__Streptococcaceae;g__Streptococcus;s__Streptococcus mutans	s__Streptococcus_mutans|t__SGB8000	kSGB	kSGB_8000		0.015	tree & ANI congruent	species
OAK003_001	d__Bacteria;p__Firmicutes_A;c__Clostridia;o__Tissierellales;f__Peptoniphilaceae;g__W5053;s__W5053 sp000467935	s__Peptostreptococcaceae_bacterium_oral_taxon_113|t__SGB6626	kSGB	kSGB_6626		0.029	tree & ANI congruent	species
OAK003_005	d__Bacteria;p__Patescibacteria;c__Saccharimonadia;o__Saccharimonadales;f__Nanosynbacteraceae;g__Nanosynbacter;s__	f__Candidatus_Saccharibacteria_unclassified|g__GGB12798|s__GGB12798_SGB19909|t__SGB19909	uSGB	uSGB_19909	0.991	0.066	class-level tree	family
OAK004_001	d__Bacteria;p__Actinobacteriota;c__Actinomycetia;o__Propionibacteriales;f__Propionibacteriaceae;g__Brooklawnia;s__Brooklawnia sp000413315	s__Propionibacterium_sp_oral_taxon_192|t__SGB16999	kSGB	kSGB_16999		0.020	tree & ANI congruent	species
OAK004_002	d__Bacteria;p__Actinobacteriota;c__Actinomycetia;o__Propionibacteriales;f__Propionibacteriaceae;g__Arachnia;s__Arachnia propionica	s__Pseudopropionibacterium_propionicum|t__SGB15897	kSGB	kSGB_15897		0.058	tree & ANI congruent	species
OAK005_002	d__Bacteria;p__Firmicutes_A;c__Clostridia;o__Lachnospirales;f__Lachnospiraceae;g__Johnsonella;s__Johnsonella ignava	s__Johnsonella_ignava|t__SGB6631	kSGB	kSGB_6631		0.026	tree & ANI congruent	species
OAK005_003	d__Bacteria;p__Firmicutes_A;c__Clostridia;o__Lachnospirales;f__Lachnospiraceae;g__Johnsonella;s__	o__OFGB1394|f__FGB1394|g__GGB3386|s__GGB3386_SGB4474|t__SGB4474	uSGB	uSGB_4474	0.950	0.020	class-level tree	other
OAK005_004	d__Bacteria;p__Bacteroidota;c__Bacteroidia;o__Bacteroidales;f__Paludibacteraceae;g__F0058;s__F0058 sp000163695	s__Bacteroidetes_oral_taxon_274|t__SGB1341	kSGB	kSGB_1341		0.039	tree & ANI congruent	species
OAK005_005	d__Bacteria;p__Proteobacteria;c__Gammaproteobacteria;o__Burkholderiales;f__Burkholderiaceae;g__Brachymonas;s__	s__Brachymonas_denitrificans|t__SGB12668	kSGB	kSGB_12668	0.968	0.268	class-level tree	species
OFN001_005	d__Bacteria;p__Desulfobacterota_I;c__Desulfovibrionia;o__Desulfovibrionales;f__Desulfomicrobiaceae;g__Desulfomicrobium;s__Desulfomicrobium orale	s__Desulfomicrobium_orale|t__SGB22210	kSGB	kSGB_22210		0.019	tree & ANI congruent	species
OFN001_006	d__Bacteria;p__Patescibacteria;c__Dojkabacteria;o__SC72;f__SC72;g__UBA5232;s__	o__OFGB42784|f__FGB42784|g__GGB47473|s__GGB47473_SGB65436|t__SGB65436	uSGB	uSGB_65436	0.896	0.263	class-level tree	other
OFN001_010	d__Bacteria;p__Actinobacteriota;c__Actinomycetia;o__Actinomycetales;f__Actinomycetaceae;g__Actinomyces;s__Actinomyces gerencseriae	s__Actinomyces_gerencseriae|t__SGB15874	kSGB	kSGB_15874		0.046	tree & ANI congruent	species
OFN001_011	d__Bacteria;p__Firmicutes_A;c__Clostridia;o__Peptostreptococcales;f__Anaerovoracaceae;g__;s__	o__OFGB2981|f__FGB2981|g__GGB41963|s__GGB41963_SGB59071|t__SGB59071	uSGB	uSGB_59071	0.859	0.329	class-level tree	other
OFN001_013	d__Bacteria;p__Actinobacteriota;c__Actinomycetia;o__Actinomycetales;f__Actinomycetaceae;g__Peptidiphaga;s__Peptidiphaga sp000466165	s__Actinobaculum_sp_oral_taxon_183|t__SGB15892	kSGB	kSGB_15892		0.020	tree & ANI congruent	species
OFN001_019	d__Bacteria;p__Firmicutes_A;c__Clostridia;o__Peptostreptococcales;f__Anaerovoracaceae;g__Eubacterium_N;s__	s__Eubacterium_saphenum|t__SGB3945	kSGB	kSGB_3945	0.987	0.129	class-level tree	species
OFN001_021	d__Bacteria;p__Actinobacteriota;c__Actinomycetia;o__Mycobacteriales;f__Mycobacteriaceae;g__Corynebacterium;s__Corynebacterium matruchotii	s__Corynebacterium_matruchotii|t__SGB17007	kSGB	kSGB_17007		0.054	tree & ANI congruent	species
PES001_001	d__Bacteria;p__Firmicutes_A;c__Clostridia;o__Lachnospirales;f__Lachnospiraceae;g__Johnsonella;s__Johnsonella ignava	s__Johnsonella_ignava|t__SGB6631	kSGB	kSGB_6631		0.038	tree & ANI congruent	species
PES001_003	d__Bacteria;p__Actinobacteriota;c__Actinomycetia;o__Propionibacteriales;f__Propionibacteriaceae;g__Brooklawnia;s__	o__OFGB10035|f__FGB10035|g__GGB44049|s__GGB44049_SGB61426|t__SGB61426	uSGB	uSGB_61426	0.926	0.271	class-level tree	other
PES001_004	d__Bacteria;p__Actinobacteriota;c__Coriobacteriia;o__Coriobacteriales;f__Atopobiaceae;g__Olsenella_F;s__	s__Olsenella_sp_oral_taxon_807|t__SGB14348	kSGB	kSGB_14348	0.993	0.066	class-level tree	species
PES001_005	d__Bacteria;p__Actinobacteriota;c__Actinomycetia;o__Actinomycetales;f__Actinomycetaceae;g__Actinomyces;s__	s__Actinomyces_sp_Marseille_P3109|t__SGB15885	kSGB	kSGB_15885	0.990	0.074	class-level tree	species
PES001_007	d__Archaea;p__Methanobacteriota;c__Methanobacteria;o__Methanobacteriales;f__Methanobacteriaceae;g__Methanobrevibacter_A;s__	s__Methanobrevibacter_oralis|t__SGB720	kSGB	kSGB_720	0.960	0.137		species
PES001_008	d__Bacteria;p__Firmicutes;c__Bacilli;o__Lactobacillales;f__Streptococcaceae;g__Streptococcus;s__	s__Streptococcus_sinensis|t__SGB8030	kSGB	kSGB_8030	0.994	0.074	class-level tree	species
PES001_017	d__Bacteria;p__Patescibacteria;c__Saccharimonadia;o__Saccharimonadales;f__Nanoperiomorbaceae;g__Nanoperiomorbus;s__	g__Candidatus_Saccharibacteria_unclassified|s__Candidatus_Saccharibacteria_unclassified_SGB19801|t__SGB19801	uSGB	uSGB_19801	0.995	0.076	class-level tree	genus
PES001_020	d__Bacteria;p__Actinobacteriota;c__Actinomycetia;o__Propionibacteriales;f__Propionibacteriaceae;g__Arachnia;s__	s__Pseudopropionibacterium_propionicum|t__SGB15897	kSGB	kSGB_15897	0.995	0.073	class-level tree	species
PES001_021	d__Bacteria;p__Actinobacteriota;c__Actinomycetia;o__Propionibacteriales;f__Propionibacteriaceae;g__Brooklawnia;s__	o__OFGB10035|f__FGB10035|g__GGB44049|s__GGB44049_SGB61426|t__SGB61426	uSGB	uSGB_61426	0.956	0.274	class-level tree	other
PLV001_002	d__Bacteria;p__Bacteroidota;c__Chlorobia;o__Chlorobiales;f__Chlorobiaceae;g__Chlorobium;s__	s__Chlorobium_limicola|t__SGB8451	kSGB	kSGB_8451	0.945	0.235	class-level tree	species
PLV001_004	d__Bacteria;p__Firmicutes_A;c__Clostridia;o__Christensenellales;f__CAG-74;g__;s__	o__OFGB38642|f__FGB38642|g__GGB45502|s__GGB45502_SGB63174|t__SGB63174	uSGB	uSGB_63174	0.822	0.287	class-level tree	other
PLV001_009	d__Bacteria;p__Actinobacteriota;c__Actinomycetia;o__Propionibacteriales;f__Propionibacteriaceae;g__Cutibacterium;s__Cutibacterium acnes	s__Cutibacterium_acnes|t__SGB16955	kSGB	kSGB_16955		0.017	tree & ANI congruent	species
PLV001_013	d__Archaea;p__Methanobacteriota;c__Methanobacteria;o__Methanobacteriales;f__Methanobacteriaceae;g__;s__	s__Methanobrevibacter_woesei|t__SGB715	kSGB	kSGB_715	0.841	0.214		species
PLV001_017	d__Bacteria;p__Firmicutes;c__Bacilli;o__Lactobacillales;f__Aerococcaceae;g__Abiotrophia;s__	s__Abiotrophia_sp_HMSC24B09|t__SGB8236	kSGB	kSGB_8236	0.995	0.055	class-level tree	species
PLV001_018	d__Bacteria;p__Firmicutes_A;c__Clostridia;o__Christensenellales;f__CAG-74;g__DTU024;s__	o__OFGB8302|f__FGB8302|g__GGB25403|s__GGB25403_SGB63148|t__SGB63148	uSGB	uSGB_63148	0.878	0.287	class-level tree	other
PYK003_002	d__Archaea;p__Methanobacteriota;c__Methanobacteria;o__Methanobacteriales;f__Methanobacteriaceae;g__Methanobrevibacter_A;s__	s__Methanobrevibacter_gottschalkii|t__SGB716	kSGB	kSGB_716	0.982	0.187		species
PYK003_004	d__Bacteria;p__Firmicutes_A;c__Clostridia;o__Eubacteriales;f__Eubacteriaceae;g__Pseudoramibacter;s__Pseudoramibacter alactolyticus	s__Pseudoramibacter_alactolyticus|t__SGB4082	kSGB	kSGB_4082		0.032	tree & ANI congruent	species
PYK004_001	d__Bacteria;p__Chloroflexota;c__Anaerolineae;o__Anaerolineales;f__Anaerolineaceae;g__Flexilinea;s__Flexilinea sp001717545	s__Anaerolineaceae_bacterium_oral_taxon_439|t__SGB17621	kSGB	kSGB_17621		0.035	tree & ANI congruent	species
PYK004_002	d__Bacteria;p__Patescibacteria;c__Saccharimonadia;o__Saccharimonadales;f__Saccharimonadaceae;g__Saccharimonas;s__	o__OFGB4356|f__FGB4356|g__GGB12790|s__GGB12790_SGB19845|t__SGB19845	uSGB	uSGB_19845	0.951	0.214	class-level tree	other
PYK004_004	d__Bacteria;p__Actinobacteriota;c__Actinomycetia;o__Mycobacteriales;f__Mycobacteriaceae;g__Corynebacterium;s__Corynebacterium matruchotii	s__Corynebacterium_matruchotii|t__SGB17007	kSGB	kSGB_17007		0.056	tree & ANI congruent	species
PYK005_002	d__Bacteria;p__Actinobacteriota;c__Actinomycetia;o__Actinomycetales;f__Actinomycetaceae;g__Actinomyces;s__Actinomyces oricola	s__Actinomyces_oricola|t__SGB33758	kSGB	kSGB_33758		0.009	tree & ANI congruent	species
RIG001_002	d__Bacteria;p__Actinobacteriota;c__Actinomycetia;o__Propionibacteriales;f__Propionibacteriaceae;g__Brooklawnia;s__Brooklawnia sp000413315	s__Propionibacterium_sp_oral_taxon_192|t__SGB16999	kSGB	kSGB_16999		0.039	tree & ANI congruent	species
RIG001_003	d__Archaea;p__Methanobacteriota;c__Methanobacteria;o__Methanobacteriales;f__Methanobacteriaceae;g__Methanobrevibacter_A;s__	s__Methanobrevibacter_oralis|t__SGB720	kSGB	kSGB_720	0.968	0.113		species
RIG001_006	d__Bacteria;p__Synergistota;c__Synergistia;o__Synergistales;f__Synergistaceae;g__;s__	f__Synergistaceae|g__GGB10852|s__GGB10852_SGB17523|t__SGB17523	uSGB	uSGB_17523	0.779	0.318	class-level tree	family
RIG001_016	d__Bacteria;p__Firmicutes_A;c__Clostridia;o__Christensenellales;f__CAG-74;g__;s__	f__Clostridiales_unclassified|g__GGB30255|s__GGB30255_SGB43200|t__SGB43200	uSGB	uSGB_43200	0.859	0.289	class-level tree	family
RIG001_018	d__Bacteria;p__Actinobacteriota;c__Coriobacteriia;o__Coriobacteriales;f__Atopobiaceae;g__Olsenella_F;s__	s__Olsenella_sp_oral_taxon_807|t__SGB14348	kSGB	kSGB_14348	0.992	0.079	class-level tree	species
RIG001_019	d__Bacteria;p__Desulfobacterota_I;c__Desulfovibrionia;o__Desulfovibrionales;f__Desulfomicrobiaceae;g__Desulfomicrobium;s__Desulfomicrobium orale	s__Desulfomicrobium_orale|t__SGB22210	kSGB	kSGB_22210		0.028	tree & ANI congruent	species
SPM002_001	d__Bacteria;p__Actinobacteriota;c__Actinomycetia;o__Propionibacteriales;f__Propionibacteriaceae;g__Cutibacterium;s__Cutibacterium acnes	s__Cutibacterium_acnes|t__SGB16955	kSGB	kSGB_16955		0.011	tree & ANI congruent	species
TAF008_004	d__Bacteria;p__Patescibacteria;c__Saccharimonadia;o__Saccharimonadales;f__Nanoperiomorbaceae;g__Nanoperiomorbus;s__	s__Candidatus_Saccharibacteria_bacterium_TM7__EAM_G5_1_HOT_356|t__SGB19800	kSGB	kSGB_19800	0.995	0.065	class-level tree	species
TAF008_005	d__Bacteria;p__Firmicutes_A;c__Clostridia;o__Christensenellales;f__CAG-74;g__;s__	o__OFGB8297|f__FGB8297|g__GGB25395|s__GGB25395_SGB37346|t__SGB37346	uSGB	uSGB_37346	0.861	0.272	class-level tree	other
TAF008_006	d__Bacteria;p__Firmicutes_A;c__Clostridia;o__Christensenellales;f__CAG-74;g__JAAZPT01;s__	o__OFGB10783|f__FGB10783|g__GGB32560|s__GGB32560_SGB53488|t__SGB53488	uSGB	uSGB_53488	0.922	0.329	class-level tree	other
TAF008_008	d__Bacteria;p__Actinobacteriota;c__Coriobacteriia;o__Coriobacteriales;f__Eggerthellaceae;g__;s__	s__Gordonibacter_pamelaeae|t__SGB14807	kSGB	kSGB_14807	0.863	0.244	class-level tree	species
TAF008_009	d__Bacteria;p__Actinobacteriota;c__Actinomycetia;o__Actinomycetales;f__Actinomycetaceae;g__Pauljensenia;s__Pauljensenia mediterranea	s__Actinomyces_mediterranea|t__SGB33770	kSGB	kSGB_33770		0.011	tree & ANI congruent	species
TAF008_010	d__Bacteria;p__Firmicutes_A;c__Clostridia;o__Lachnospirales;f__Lachnospiraceae;g__Johnsonella;s__	o__OFGB1394|f__FGB1394|g__GGB3386|s__GGB3386_SGB4474|t__SGB4474	uSGB	uSGB_4474	0.947	0.023	class-level tree	other
VLC001_003	d__Bacteria;p__Spirochaetota;c__Spirochaetia;o__Treponematales;f__Treponemataceae;g__Treponema_B;s__Treponema_B denticola	s__Treponema_denticola|t__SGB3613	kSGB	kSGB_3613		0.032	tree & ANI congruent	species
VLC001_008	d__Bacteria;p__Bacteroidota;c__Bacteroidia;o__Bacteroidales;f__Bacteroidaceae;g__Prevotella;s__Prevotella loescheii	s__Prevotella_loescheii|t__SGB1457	kSGB	kSGB_1457		0.045	tree & ANI congruent	species
VLC001_010	d__Bacteria;p__Firmicutes;c__Bacilli;o__Lactobacillales;f__Streptococcaceae;g__Streptococcus;s__Streptococcus oralis_G	s__Streptococcus_oralis|t__SGB8132	kSGB	kSGB_8132		0.050	tree & ANI incongruent	species
VLC001_015	d__Bacteria;p__Spirochaetota;c__Spirochaetia;o__Treponematales;f__Treponemataceae;g__Treponema_C;s__Treponema_C sp905372025	g__Treponema|s__Treponema_SGB3588|t__SGB3588	uSGB	uSGB_3588		0.025	tree & ANI congruent	genus
VLC001_020	d__Bacteria;p__Firmicutes;c__Bacilli;o__Lactobacillales;f__Aerococcaceae;g__Abiotrophia;s__Abiotrophia defectiva	s__Abiotrophia_defectiva|t__SGB8235	kSGB	kSGB_8235		0.044	tree & ANI congruent	species
VLC001_032	d__Bacteria;p__Bacteroidota;c__Bacteroidia;o__Bacteroidales;f__UBA932;g__Cryptobacteroides;s__	o__OFGB654|f__FGB654|g__GGB1621|s__GGB1621_SGB63777|t__SGB63777	uSGB	uSGB_63777	0.945	0.291	class-level tree	other
VLC001_035	d__Bacteria;p__Actinobacteriota;c__Actinomycetia;o__Actinomycetales;f__Actinomycetaceae;g__Pauljensenia;s__Pauljensenia cardiffensis	s__Schaalia_cardiffensis|t__SGB17147	kSGB	kSGB_17147		0.040	tree & ANI congruent	species
VLC001_038	d__Bacteria;p__Firmicutes_A;c__Clostridia;o__Peptostreptococcales;f__Anaerovoracaceae;g__Mogibacterium;s__Mogibacterium timidum	s__Mogibacterium_timidum|t__SGB3920	kSGB	kSGB_3920		0.012	tree & ANI congruent	species
VLC002_002	d__Bacteria;p__Patescibacteria;c__Saccharimonadia;o__Saccharimonadales;f__Nanosynbacteraceae;g__Nanosynbacter;s__	f__Candidatus_Saccharibacteria_unclassified|g__GGB12798|s__GGB12798_SGB19907|t__SGB19907	uSGB	uSGB_19907	0.990	0.070	class-level tree	family
VLC002_006	d__Bacteria;p__Proteobacteria;c__Gammaproteobacteria;o__Cardiobacteriales;f__Cardiobacteriaceae;g__Cardiobacterium;s__Cardiobacterium hominis	s__Cardiobacterium_hominis|t__SGB9418	kSGB	kSGB_9418		0.047	tree & ANI congruent	species
VLC003_003	d__Bacteria;p__Bacteroidota;c__Bacteroidia;o__Bacteroidales;f__Porphyromonadaceae;g__Porphyromonas;s__Porphyromonas catoniae	s__Porphyromonas_catoniae|t__SGB2036	kSGB	kSGB_2036		0.037	tree & ANI congruent	species
VLC003_010	d__Bacteria;p__Actinobacteriota;c__Coriobacteriia;o__Coriobacteriales;f__Atopobiaceae;g__Olsenella_F;s__Olsenella_F sp001189515	s__Olsenella_sp_oral_taxon_807|t__SGB14348	kSGB	kSGB_14348		0.044	tree & ANI congruent	species
VLC003_015	d__Bacteria;p__Patescibacteria;c__Saccharimonadia;o__Saccharimonadales;f__Nanosynbacteraceae;g__Nanosynbacter;s__	g__Candidatus_Saccharibacteria_unclassified|s__Candidatus_Saccharibacteria_unclassified_SGB19902|t__SGB19902	uSGB	uSGB_19902	0.987	0.055	class-level tree	genus
VLC004_008	d__Bacteria;p__Patescibacteria;c__Saccharimonadia;o__Saccharimonadales;f__Nanoperiomorbaceae;g__Nanoperiomorbus;s__	s__Candidatus_Saccharibacteria_bacterium_TM7__EAM_G5_1_HOT_356|t__SGB19800	kSGB	kSGB_19800	0.995	0.050	class-level tree	species
VLC004_011	d__Bacteria;p__Firmicutes_A;c__Clostridia;o__Lachnospirales;f__Lachnospiraceae;g__Oribacterium;s__Oribacterium sp000160135	s__Oribacterium_sp_oral_taxon_078|t__SGB7282	kSGB	kSGB_7282		0.037	tree & ANI congruent	species
VLC004_017	d__Bacteria;p__Campylobacterota;c__Campylobacteria;o__Campylobacterales;f__Campylobacteraceae;g__Campylobacter_A;s__Campylobacter_A curvus	s__Campylobacter_curvus|t__SGB19334	kSGB	kSGB_19334		0.039	tree & ANI congruent	species
VLC004_018	d__Bacteria;p__Proteobacteria;c__Gammaproteobacteria;o__Burkholderiales;f__Rhodocyclaceae;g__Propionivibrio;s__	f__Cardiobacteriaceae|g__GGB6673|s__GGB6673_SGB9421|t__SGB9421	uSGB	uSGB_9421	0.948	0.033	class-level tree	family
VLC004_020	d__Bacteria;p__Patescibacteria;c__Saccharimonadia;o__Saccharimonadales;f__Nanosynbacteraceae;g__Nanosynbacter;s__	f__Candidatus_Saccharibacteria_unclassified|g__GGB12798|s__GGB12798_SGB19908|t__SGB19908	uSGB	uSGB_19908	0.988	0.066	class-level tree	family
VLC004_023	d__Bacteria;p__Bacteroidota;c__Bacteroidia;o__Bacteroidales;f__Bacteroidaceae;g__Alloprevotella;s__Alloprevotella tannerae	s__Alloprevotella_tannerae|t__SGB1411	kSGB	kSGB_1411		0.034	tree & ANI congruent	species
VLC004_034	d__Bacteria;p__Bacteroidota;c__Bacteroidia;o__Bacteroidales;f__Tannerellaceae;g__Tannerella;s__Tannerella sp003033925	s__Tannerella_sp_oral_taxon_HOT_286|t__SGB2048	kSGB	kSGB_2048		0.043	tree & ANI congruent	species
VLC004_035	d__Bacteria;p__Bacteroidota;c__Bacteroidia;o__Bacteroidales;f__Bacteroidaceae;g__Prevotella;s__Prevotella sp003043945	s__Prevotella_sp_oral_taxon_376|t__SGB21554	kSGB	kSGB_21554		0.035	tree & ANI congruent	species
VLC005_003	d__Bacteria;p__Bacteroidota;c__Bacteroidia;o__Bacteroidales;f__Paludibacteraceae;g__F0058;s__F0058 sp000163695	s__Bacteroidetes_oral_taxon_274|t__SGB1341	kSGB	kSGB_1341		0.041	tree & ANI congruent	species
VLC005_006	d__Bacteria;p__Patescibacteria;c__Saccharimonadia;o__Saccharimonadales;f__Saccharimonadaceae;g__Saccharimonas;s__Saccharimonas sp010202265	s__TM7_phylum_sp_oral_taxon_955|t__SGB19921	kSGB	kSGB_19921		0.025	tree & ANI congruent	species
VLC005_013	d__Bacteria;p__Firmicutes_A;c__Clostridia;o__Peptostreptococcales;f__Anaerovoracaceae;g__Hornefia;s__Hornefia nodata	s__Eubacterium_nodatum|t__SGB6627	kSGB	kSGB_6627		0.020	tree & ANI congruent	species
VLC005_014	d__Bacteria;p__Proteobacteria;c__Gammaproteobacteria;o__Enterobacterales;f__Pasteurellaceae;g__Aggregatibacter;s__Aggregatibacter kilianii	s__Aggregatibacter_aphrophilus|t__SGB9731	kSGB	kSGB_9731		0.035	tree & ANI congruent	species
VLC005_020	d__Bacteria;p__Actinobacteriota;c__Actinomycetia;o__Actinomycetales;f__Actinomycetaceae;g__Actinomyces;s__Actinomyces sp002999235	s__Actinomyces_sp_oral_taxon_897|t__SGB15876	kSGB	kSGB_15876		0.025	tree & ANI congruent	species
VLC005_025	d__Bacteria;p__Patescibacteria;c__Saccharimonadia;o__Saccharimonadales;f__Saccharimonadaceae;g__Saccharimonas;s__Saccharimonas sp905372095	s__Candidatus_Saccharibacteria_bacterium_TM7_ANC_38_39_G1_1|t__SGB19883	kSGB	kSGB_19883		0.046	tree & ANI incongruent	species
VLC005_026	d__Bacteria;p__Firmicutes;c__Bacilli;o__Lactobacillales;f__Aerococcaceae;g__Abiotrophia;s__Abiotrophia sp001815865	s__Abiotrophia_sp_HMSC24B09|t__SGB8236	kSGB	kSGB_8236		0.037	tree & ANI congruent	species
VLC005_033	d__Bacteria;p__Bacteroidota;c__Bacteroidia;o__Flavobacteriales;f__Flavobacteriaceae;g__Capnocytophaga;s__Capnocytophaga sp905372595	f__Flavobacteriaceae|g__GGB1833|s__GGB1833_SGB2477|t__SGB2477	uSGB	uSGB_2477		0.036	tree & ANI congruent	family
VLC008_004	d__Bacteria;p__Bacteroidota;c__Bacteroidia;o__Bacteroidales;f__Porphyromonadaceae;g__Porphyromonas;s__	f__Porphyromonadaceae|g__GGB1472|s__GGB1472_SGB2037|t__SGB2037	uSGB	uSGB_2037	0.994	0.043	class-level tree	family
VLC008_007	d__Bacteria;p__Proteobacteria;c__Gammaproteobacteria;o__Burkholderiales;f__Burkholderiaceae;g__Burkholderia;s__Burkholderia contaminans	s__Burkholderia_contaminans|t__SGB13005	kSGB	kSGB_13005		0.029	tree & ANI congruent	species
VLC008_010	d__Bacteria;p__Bacteroidota;c__Bacteroidia;o__Bacteroidales;f__Tannerellaceae;g__Tannerella;s__	g__Tannerella|s__Tannerella_SGB2054|t__SGB2054	uSGB	uSGB_2054	0.993	0.027	class-level tree	genus
VLC008_013	d__Bacteria;p__Bacteroidota;c__Bacteroidia;o__Bacteroidales;f__Porphyromonadaceae;g__Porphyromonas;s__Porphyromonas endodontalis	s__Porphyromonas_endodontalis|t__SGB2016	kSGB	kSGB_2016		0.031	tree & ANI congruent	species
VLC008_022	d__Bacteria;p__Firmicutes_C;c__Negativicutes;o__Selenomonadales;f__Selenomonadaceae;g__CAJPQU01;s__CAJPQU01 sp905373705	o__OFGB1714|f__FGB1714|g__GGB4299|s__GGB4299_SGB5872|t__SGB5872	uSGB	uSGB_5872		0.031	tree & ANI congruent	other
VLC008_029	d__Bacteria;p__Patescibacteria;c__Saccharimonadia;o__Saccharimonadales;f__Saccharimonadaceae;g__Saccharimonas;s__Saccharimonas sp013333675	o__OFGB4356|f__FGB4356|g__GGB12790|s__GGB12790_SGB19847|t__SGB19847	uSGB	uSGB_19847		0.049	tree & ANI congruent	other
VLC008_032	d__Bacteria;p__Actinobacteriota;c__Coriobacteriia;o__Coriobacteriales;f__Atopobiaceae;g__Olsenella_F;s__	s__Olsenella_sp_oral_taxon_807|t__SGB14348	kSGB	kSGB_14348	0.994	0.058	class-level tree	species
VLC009_016	d__Bacteria;p__Proteobacteria;c__Gammaproteobacteria;o__Burkholderiales;f__Neisseriaceae;g__CAJPNX01;s__CAJPNX01 sp905372165	f__Neisseriaceae|g__GGB6675|s__GGB6675_SGB9425|t__SGB9425	uSGB	uSGB_9425		0.027	tree & ANI congruent	family
VLC009_028	d__Bacteria;p__Firmicutes_C;c__Negativicutes;o__Selenomonadales;f__Selenomonadaceae;g__Centipeda;s__Centipeda artemidis	s__Selenomonas_artemidis|t__SGB5878	kSGB	kSGB_5878		0.034	tree & ANI congruent	species
VLC009_032	d__Bacteria;p__Bacteroidota;c__Bacteroidia;o__Bacteroidales;f__Paludibacteraceae;g__F0058;s__F0058 sp000163695	s__Bacteroidetes_oral_taxon_274|t__SGB1341	kSGB	kSGB_1341		0.030	tree & ANI congruent	species
VLC009_033	d__Bacteria;p__Actinobacteriota;c__Actinomycetia;o__Actinomycetales;f__Actinomycetaceae;g__Pauljensenia;s__Pauljensenia hongkongensis	s__Actinomyces_hongkongensis|t__SGB17148	kSGB	kSGB_17148		0.026	tree & ANI congruent	species
VLC010_001	d__Bacteria;p__Proteobacteria;c__Gammaproteobacteria;o__Cardiobacteriales;f__Cardiobacteriaceae;g__Cardiobacterium;s__	g__Cardiobacterium|s__Cardiobacterium_SGB9415|t__SGB9415	uSGB	uSGB_9415	0.992	0.045	class-level tree	genus
VLC010_013	d__Bacteria;p__Patescibacteria;c__Saccharimonadia;o__Saccharimonadales;f__Nanoperiomorbaceae;g__Nanoperiomorbus;s__	g__Candidatus_Saccharibacteria_unclassified|s__Candidatus_Saccharibacteria_unclassified_SGB19801|t__SGB19801	uSGB	uSGB_19801	0.995	0.051	class-level tree	genus
ZAF001_001	d__Bacteria;p__Bacteroidota;c__Bacteroidia;o__Bacteroidales;f__Porphyromonadaceae;g__Porphyromonas_A;s__Porphyromonas_A sp900541275	g__Porphyromonas|s__Porphyromonas_SGB1989|t__SGB1989	uSGB	uSGB_1989		0.025	tree & ANI congruent	genus
