tmp/Flexilinea_tree/fastani/MOA001_001.fa	tmp/Flexilinea_tree/fastani/MOA001_001.fa	100	944	945
tmp/Flexilinea_tree/fastani/MOA001_001.fa	tmp/Flexilinea_tree/fastani/TAF008_003.fa	98.9279	815	945
tmp/Flexilinea_tree/fastani/MOA001_001.fa	tmp/Flexilinea_tree/fastani/OFN001_004.fa	98.7392	728	945
tmp/Flexilinea_tree/fastani/MOA001_001.fa	tmp/Flexilinea_tree/fastani/OAK003_004.fa	98.7144	781	945
tmp/Flexilinea_tree/fastani/MOA001_001.fa	tmp/Flexilinea_tree/fastani/JAE016_007.fa	98.6556	792	945
tmp/Flexilinea_tree/fastani/MOA001_001.fa	tmp/Flexilinea_tree/fastani/ECO002_009.fa	98.6393	583	945
tmp/Flexilinea_tree/fastani/MOA001_001.fa	tmp/Flexilinea_tree/fastani/JAE015_012.fa	98.5973	807	945
tmp/Flexilinea_tree/fastani/MOA001_001.fa	tmp/Flexilinea_tree/fastani/GCA_905372085.1.fa	98.5907	684	945
tmp/Flexilinea_tree/fastani/MOA001_001.fa	tmp/Flexilinea_tree/fastani/VLC001_002.fa	98.5506	810	945
tmp/Flexilinea_tree/fastani/MOA001_001.fa	tmp/Flexilinea_tree/fastani/GCF_001717545.1.fa	98.5404	923	945
tmp/Flexilinea_tree/fastani/MOA001_001.fa	tmp/Flexilinea_tree/fastani/VLC005_010.fa	98.4593	667	945
tmp/Flexilinea_tree/fastani/MOA001_001.fa	tmp/Flexilinea_tree/fastani/PES001_013.fa	98.34	441	945
tmp/Flexilinea_tree/fastani/MOA001_001.fa	tmp/Flexilinea_tree/fastani/VLC008_012.fa	98.3284	795	945
tmp/Flexilinea_tree/fastani/MOA001_001.fa	tmp/Flexilinea_tree/fastani/JAE009_025.fa	98.3223	640	945
tmp/Flexilinea_tree/fastani/MOA001_001.fa	tmp/Flexilinea_tree/fastani/RIG001_015.fa	98.2444	398	945
tmp/Flexilinea_tree/fastani/MOA001_001.fa	tmp/Flexilinea_tree/fastani/EMN001_001.fa	98.2252	383	945
tmp/Flexilinea_tree/fastani/MOA001_001.fa	tmp/Flexilinea_tree/fastani/JAE014_017.fa	97.954	371	945
tmp/Flexilinea_tree/fastani/MOA001_001.fa	tmp/Flexilinea_tree/fastani/ESA006_002.fa	97.8373	279	945
tmp/Flexilinea_tree/fastani/MOA001_001.fa	tmp/Flexilinea_tree/fastani/ECO010_007.fa	97.7902	94	945
tmp/Flexilinea_tree/fastani/MOA001_001.fa	tmp/Flexilinea_tree/fastani/PYK004_001.fa	97.3885	30	945
tmp/Flexilinea_tree/fastani/MOA001_001.fa	tmp/Flexilinea_tree/fastani/PYK005_007.fa	97.2878	209	945
tmp/Flexilinea_tree/fastani/MOA001_001.fa	tmp/Flexilinea_tree/fastani/JAE008_005.fa	93.979	676	945
tmp/Flexilinea_tree/fastani/MOA001_001.fa	tmp/Flexilinea_tree/fastani/FUM002_005.fa	79.7745	321	945
tmp/Flexilinea_tree/fastani/MOA001_001.fa	tmp/Flexilinea_tree/fastani/EMN001_010.fa	79.5748	408	945
tmp/Flexilinea_tree/fastani/MOA001_001.fa	tmp/Flexilinea_tree/fastani/GOY005_016.fa	79.4633	264	945
tmp/Flexilinea_tree/fastani/MOA001_001.fa	tmp/Flexilinea_tree/fastani/PES001_006.fa	79.4541	323	945
tmp/Flexilinea_tree/fastani/MOA001_001.fa	tmp/Flexilinea_tree/fastani/RIG001_011.fa	78.6813	287	945
tmp/Flexilinea_tree/fastani/MOA001_001.fa	tmp/Flexilinea_tree/fastani/EMN001_017.fa	77.3255	159	945
tmp/Flexilinea_tree/fastani/MOA001_001.fa	tmp/Flexilinea_tree/fastani/FUM002_008.fa	77.2454	141	945
tmp/Flexilinea_tree/fastani/MOA001_001.fa	tmp/Flexilinea_tree/fastani/PES001_009.fa	77.1987	93	945
tmp/Flexilinea_tree/fastani/MOA001_001.fa	tmp/Flexilinea_tree/fastani/GOY005_018.fa	77.0133	71	945
tmp/Flexilinea_tree/fastani/EMN001_010.fa	tmp/Flexilinea_tree/fastani/EMN001_010.fa	100	830	834
tmp/Flexilinea_tree/fastani/EMN001_010.fa	tmp/Flexilinea_tree/fastani/PES001_006.fa	99.0287	588	834
tmp/Flexilinea_tree/fastani/EMN001_010.fa	tmp/Flexilinea_tree/fastani/RIG001_011.fa	99.0076	528	834
tmp/Flexilinea_tree/fastani/EMN001_010.fa	tmp/Flexilinea_tree/fastani/FUM002_005.fa	98.9629	593	834
tmp/Flexilinea_tree/fastani/EMN001_010.fa	tmp/Flexilinea_tree/fastani/GOY005_016.fa	98.8199	456	834
tmp/Flexilinea_tree/fastani/EMN001_010.fa	tmp/Flexilinea_tree/fastani/PYK005_007.fa	79.9585	108	834
tmp/Flexilinea_tree/fastani/EMN001_010.fa	tmp/Flexilinea_tree/fastani/OFN001_004.fa	79.9488	340	834
tmp/Flexilinea_tree/fastani/EMN001_010.fa	tmp/Flexilinea_tree/fastani/GCA_905372085.1.fa	79.8078	312	834
tmp/Flexilinea_tree/fastani/EMN001_010.fa	tmp/Flexilinea_tree/fastani/ECO002_009.fa	79.7915	295	834
tmp/Flexilinea_tree/fastani/EMN001_010.fa	tmp/Flexilinea_tree/fastani/VLC005_010.fa	79.7248	315	834
tmp/Flexilinea_tree/fastani/EMN001_010.fa	tmp/Flexilinea_tree/fastani/GCF_001717545.1.fa	79.7013	398	834
tmp/Flexilinea_tree/fastani/EMN001_010.fa	tmp/Flexilinea_tree/fastani/JAE014_017.fa	79.7012	184	834
tmp/Flexilinea_tree/fastani/EMN001_010.fa	tmp/Flexilinea_tree/fastani/OAK003_004.fa	79.7003	353	834
tmp/Flexilinea_tree/fastani/EMN001_010.fa	tmp/Flexilinea_tree/fastani/VLC008_012.fa	79.668	352	834
tmp/Flexilinea_tree/fastani/EMN001_010.fa	tmp/Flexilinea_tree/fastani/TAF008_003.fa	79.6314	367	834
tmp/Flexilinea_tree/fastani/EMN001_010.fa	tmp/Flexilinea_tree/fastani/MOA001_001.fa	79.5965	387	834
tmp/Flexilinea_tree/fastani/EMN001_010.fa	tmp/Flexilinea_tree/fastani/JAE015_012.fa	79.5645	359	834
tmp/Flexilinea_tree/fastani/EMN001_010.fa	tmp/Flexilinea_tree/fastani/VLC001_002.fa	79.4668	355	834
tmp/Flexilinea_tree/fastani/EMN001_010.fa	tmp/Flexilinea_tree/fastani/JAE009_025.fa	79.3805	300	834
tmp/Flexilinea_tree/fastani/EMN001_010.fa	tmp/Flexilinea_tree/fastani/JAE016_007.fa	79.2617	356	834
tmp/Flexilinea_tree/fastani/EMN001_010.fa	tmp/Flexilinea_tree/fastani/ESA006_002.fa	78.9896	159	834
tmp/Flexilinea_tree/fastani/EMN001_010.fa	tmp/Flexilinea_tree/fastani/JAE008_005.fa	78.8806	331	834
tmp/Flexilinea_tree/fastani/EMN001_010.fa	tmp/Flexilinea_tree/fastani/ECO010_007.fa	78.7492	40	834
tmp/Flexilinea_tree/fastani/EMN001_010.fa	tmp/Flexilinea_tree/fastani/PES001_013.fa	78.3278	214	834
tmp/Flexilinea_tree/fastani/EMN001_010.fa	tmp/Flexilinea_tree/fastani/PYK004_001.fa	78.1096	15	834
tmp/Flexilinea_tree/fastani/EMN001_010.fa	tmp/Flexilinea_tree/fastani/PES001_009.fa	77.9565	65	834
tmp/Flexilinea_tree/fastani/EMN001_010.fa	tmp/Flexilinea_tree/fastani/GOY005_018.fa	77.9009	57	834
tmp/Flexilinea_tree/fastani/EMN001_010.fa	tmp/Flexilinea_tree/fastani/FUM002_008.fa	77.5978	111	834
tmp/Flexilinea_tree/fastani/EMN001_010.fa	tmp/Flexilinea_tree/fastani/RIG001_015.fa	77.3528	176	834
tmp/Flexilinea_tree/fastani/EMN001_010.fa	tmp/Flexilinea_tree/fastani/EMN001_017.fa	77.269	105	834
tmp/Flexilinea_tree/fastani/EMN001_010.fa	tmp/Flexilinea_tree/fastani/EMN001_001.fa	77.1791	175	834
tmp/Flexilinea_tree/fastani/JAE015_012.fa	tmp/Flexilinea_tree/fastani/JAE015_012.fa	100	853	857
tmp/Flexilinea_tree/fastani/JAE015_012.fa	tmp/Flexilinea_tree/fastani/GCA_905372085.1.fa	99.4149	654	857
tmp/Flexilinea_tree/fastani/JAE015_012.fa	tmp/Flexilinea_tree/fastani/JAE014_017.fa	99.3879	380	857
tmp/Flexilinea_tree/fastani/JAE015_012.fa	tmp/Flexilinea_tree/fastani/VLC001_002.fa	99.1926	779	857
tmp/Flexilinea_tree/fastani/JAE015_012.fa	tmp/Flexilinea_tree/fastani/GCF_001717545.1.fa	98.7975	839	857
tmp/Flexilinea_tree/fastani/JAE015_012.fa	tmp/Flexilinea_tree/fastani/TAF008_003.fa	98.7724	743	857
tmp/Flexilinea_tree/fastani/JAE015_012.fa	tmp/Flexilinea_tree/fastani/OFN001_004.fa	98.728	696	857
tmp/Flexilinea_tree/fastani/JAE015_012.fa	tmp/Flexilinea_tree/fastani/JAE016_007.fa	98.6923	750	857
tmp/Flexilinea_tree/fastani/JAE015_012.fa	tmp/Flexilinea_tree/fastani/MOA001_001.fa	98.607	813	857
tmp/Flexilinea_tree/fastani/JAE015_012.fa	tmp/Flexilinea_tree/fastani/OAK003_004.fa	98.5932	742	857
tmp/Flexilinea_tree/fastani/JAE015_012.fa	tmp/Flexilinea_tree/fastani/VLC008_012.fa	98.5415	745	857
tmp/Flexilinea_tree/fastani/JAE015_012.fa	tmp/Flexilinea_tree/fastani/ECO002_009.fa	98.5402	547	857
tmp/Flexilinea_tree/fastani/JAE015_012.fa	tmp/Flexilinea_tree/fastani/PYK005_007.fa	98.4896	201	857
tmp/Flexilinea_tree/fastani/JAE015_012.fa	tmp/Flexilinea_tree/fastani/VLC005_010.fa	98.3571	650	857
tmp/Flexilinea_tree/fastani/JAE015_012.fa	tmp/Flexilinea_tree/fastani/JAE009_025.fa	98.3489	614	857
tmp/Flexilinea_tree/fastani/JAE015_012.fa	tmp/Flexilinea_tree/fastani/PES001_013.fa	98.2244	430	857
tmp/Flexilinea_tree/fastani/JAE015_012.fa	tmp/Flexilinea_tree/fastani/EMN001_001.fa	98.1646	370	857
tmp/Flexilinea_tree/fastani/JAE015_012.fa	tmp/Flexilinea_tree/fastani/ESA006_002.fa	98.023	271	857
tmp/Flexilinea_tree/fastani/JAE015_012.fa	tmp/Flexilinea_tree/fastani/RIG001_015.fa	98.0081	386	857
tmp/Flexilinea_tree/fastani/JAE015_012.fa	tmp/Flexilinea_tree/fastani/ECO010_007.fa	97.3558	94	857
tmp/Flexilinea_tree/fastani/JAE015_012.fa	tmp/Flexilinea_tree/fastani/PYK004_001.fa	97.2503	30	857
tmp/Flexilinea_tree/fastani/JAE015_012.fa	tmp/Flexilinea_tree/fastani/JAE008_005.fa	94.1687	659	857
tmp/Flexilinea_tree/fastani/JAE015_012.fa	tmp/Flexilinea_tree/fastani/PES001_006.fa	79.4615	300	857
tmp/Flexilinea_tree/fastani/JAE015_012.fa	tmp/Flexilinea_tree/fastani/EMN001_010.fa	79.4538	375	857
tmp/Flexilinea_tree/fastani/JAE015_012.fa	tmp/Flexilinea_tree/fastani/GOY005_016.fa	79.1444	242	857
tmp/Flexilinea_tree/fastani/JAE015_012.fa	tmp/Flexilinea_tree/fastani/FUM002_005.fa	78.9863	296	857
tmp/Flexilinea_tree/fastani/JAE015_012.fa	tmp/Flexilinea_tree/fastani/RIG001_011.fa	78.4481	269	857
tmp/Flexilinea_tree/fastani/JAE015_012.fa	tmp/Flexilinea_tree/fastani/FUM002_008.fa	77.3669	133	857
tmp/Flexilinea_tree/fastani/JAE015_012.fa	tmp/Flexilinea_tree/fastani/EMN001_017.fa	77.2782	147	857
tmp/Flexilinea_tree/fastani/JAE015_012.fa	tmp/Flexilinea_tree/fastani/GOY005_018.fa	77.0946	75	857
tmp/Flexilinea_tree/fastani/JAE015_012.fa	tmp/Flexilinea_tree/fastani/PES001_009.fa	76.9373	85	857
tmp/Flexilinea_tree/fastani/JAE008_005.fa	tmp/Flexilinea_tree/fastani/JAE008_005.fa	100	719	725
tmp/Flexilinea_tree/fastani/JAE008_005.fa	tmp/Flexilinea_tree/fastani/GCF_001717545.1.fa	94.3262	692	725
tmp/Flexilinea_tree/fastani/JAE008_005.fa	tmp/Flexilinea_tree/fastani/VLC005_010.fa	94.3117	568	725
tmp/Flexilinea_tree/fastani/JAE008_005.fa	tmp/Flexilinea_tree/fastani/VLC008_012.fa	94.2713	641	725
tmp/Flexilinea_tree/fastani/JAE008_005.fa	tmp/Flexilinea_tree/fastani/JAE015_012.fa	94.2099	666	725
tmp/Flexilinea_tree/fastani/JAE008_005.fa	tmp/Flexilinea_tree/fastani/VLC001_002.fa	94.1341	651	725
tmp/Flexilinea_tree/fastani/JAE008_005.fa	tmp/Flexilinea_tree/fastani/MOA001_001.fa	94.0702	673	725
tmp/Flexilinea_tree/fastani/JAE008_005.fa	tmp/Flexilinea_tree/fastani/JAE016_007.fa	94.0514	636	725
tmp/Flexilinea_tree/fastani/JAE008_005.fa	tmp/Flexilinea_tree/fastani/PYK005_007.fa	93.9846	186	725
tmp/Flexilinea_tree/fastani/JAE008_005.fa	tmp/Flexilinea_tree/fastani/TAF008_003.fa	93.9028	639	725
tmp/Flexilinea_tree/fastani/JAE008_005.fa	tmp/Flexilinea_tree/fastani/OAK003_004.fa	93.8245	625	725
tmp/Flexilinea_tree/fastani/JAE008_005.fa	tmp/Flexilinea_tree/fastani/JAE014_017.fa	93.8028	329	725
tmp/Flexilinea_tree/fastani/JAE008_005.fa	tmp/Flexilinea_tree/fastani/OFN001_004.fa	93.7785	623	725
tmp/Flexilinea_tree/fastani/JAE008_005.fa	tmp/Flexilinea_tree/fastani/GCA_905372085.1.fa	93.6964	558	725
tmp/Flexilinea_tree/fastani/JAE008_005.fa	tmp/Flexilinea_tree/fastani/JAE009_025.fa	93.6532	527	725
tmp/Flexilinea_tree/fastani/JAE008_005.fa	tmp/Flexilinea_tree/fastani/ECO002_009.fa	93.477	508	725
tmp/Flexilinea_tree/fastani/JAE008_005.fa	tmp/Flexilinea_tree/fastani/PES001_013.fa	93.1814	406	725
tmp/Flexilinea_tree/fastani/JAE008_005.fa	tmp/Flexilinea_tree/fastani/PYK004_001.fa	93.1548	28	725
tmp/Flexilinea_tree/fastani/JAE008_005.fa	tmp/Flexilinea_tree/fastani/RIG001_015.fa	93.1437	374	725
tmp/Flexilinea_tree/fastani/JAE008_005.fa	tmp/Flexilinea_tree/fastani/ESA006_002.fa	93.0433	260	725
tmp/Flexilinea_tree/fastani/JAE008_005.fa	tmp/Flexilinea_tree/fastani/EMN001_001.fa	92.8888	359	725
tmp/Flexilinea_tree/fastani/JAE008_005.fa	tmp/Flexilinea_tree/fastani/ECO010_007.fa	92.3924	87	725
tmp/Flexilinea_tree/fastani/JAE008_005.fa	tmp/Flexilinea_tree/fastani/EMN001_010.fa	79.0413	335	725
tmp/Flexilinea_tree/fastani/JAE008_005.fa	tmp/Flexilinea_tree/fastani/PES001_006.fa	79.0094	262	725
tmp/Flexilinea_tree/fastani/JAE008_005.fa	tmp/Flexilinea_tree/fastani/FUM002_005.fa	78.6693	272	725
tmp/Flexilinea_tree/fastani/JAE008_005.fa	tmp/Flexilinea_tree/fastani/GOY005_016.fa	78.5291	219	725
tmp/Flexilinea_tree/fastani/JAE008_005.fa	tmp/Flexilinea_tree/fastani/RIG001_011.fa	78.3241	243	725
tmp/Flexilinea_tree/fastani/JAE008_005.fa	tmp/Flexilinea_tree/fastani/EMN001_017.fa	77.4668	125	725
tmp/Flexilinea_tree/fastani/JAE008_005.fa	tmp/Flexilinea_tree/fastani/GOY005_018.fa	77.2721	58	725
tmp/Flexilinea_tree/fastani/JAE008_005.fa	tmp/Flexilinea_tree/fastani/FUM002_008.fa	76.9676	125	725
tmp/Flexilinea_tree/fastani/JAE008_005.fa	tmp/Flexilinea_tree/fastani/PES001_009.fa	76.7091	82	725
tmp/Flexilinea_tree/fastani/VLC001_002.fa	tmp/Flexilinea_tree/fastani/VLC001_002.fa	100	839	846
tmp/Flexilinea_tree/fastani/VLC001_002.fa	tmp/Flexilinea_tree/fastani/JAE015_012.fa	99.2155	788	846
tmp/Flexilinea_tree/fastani/VLC001_002.fa	tmp/Flexilinea_tree/fastani/GCA_905372085.1.fa	99.0091	649	846
tmp/Flexilinea_tree/fastani/VLC001_002.fa	tmp/Flexilinea_tree/fastani/GCF_001717545.1.fa	98.8558	841	846
tmp/Flexilinea_tree/fastani/VLC001_002.fa	tmp/Flexilinea_tree/fastani/TAF008_003.fa	98.7421	750	846
tmp/Flexilinea_tree/fastani/VLC001_002.fa	tmp/Flexilinea_tree/fastani/VLC008_012.fa	98.6797	763	846
tmp/Flexilinea_tree/fastani/VLC001_002.fa	tmp/Flexilinea_tree/fastani/MOA001_001.fa	98.6777	810	846
tmp/Flexilinea_tree/fastani/VLC001_002.fa	tmp/Flexilinea_tree/fastani/OFN001_004.fa	98.6588	694	846
tmp/Flexilinea_tree/fastani/VLC001_002.fa	tmp/Flexilinea_tree/fastani/OAK003_004.fa	98.6436	727	846
tmp/Flexilinea_tree/fastani/VLC001_002.fa	tmp/Flexilinea_tree/fastani/JAE016_007.fa	98.6401	751	846
tmp/Flexilinea_tree/fastani/VLC001_002.fa	tmp/Flexilinea_tree/fastani/JAE014_017.fa	98.6289	371	846
tmp/Flexilinea_tree/fastani/VLC001_002.fa	tmp/Flexilinea_tree/fastani/ECO002_009.fa	98.5666	564	846
tmp/Flexilinea_tree/fastani/VLC001_002.fa	tmp/Flexilinea_tree/fastani/JAE009_025.fa	98.4666	611	846
tmp/Flexilinea_tree/fastani/VLC001_002.fa	tmp/Flexilinea_tree/fastani/VLC005_010.fa	98.4598	641	846
tmp/Flexilinea_tree/fastani/VLC001_002.fa	tmp/Flexilinea_tree/fastani/PES001_013.fa	98.2341	437	846
tmp/Flexilinea_tree/fastani/VLC001_002.fa	tmp/Flexilinea_tree/fastani/EMN001_001.fa	98.1631	369	846
tmp/Flexilinea_tree/fastani/VLC001_002.fa	tmp/Flexilinea_tree/fastani/RIG001_015.fa	98.1373	389	846
tmp/Flexilinea_tree/fastani/VLC001_002.fa	tmp/Flexilinea_tree/fastani/ESA006_002.fa	98.0667	273	846
tmp/Flexilinea_tree/fastani/VLC001_002.fa	tmp/Flexilinea_tree/fastani/PYK005_007.fa	97.7655	202	846
tmp/Flexilinea_tree/fastani/VLC001_002.fa	tmp/Flexilinea_tree/fastani/ECO010_007.fa	97.393	92	846
tmp/Flexilinea_tree/fastani/VLC001_002.fa	tmp/Flexilinea_tree/fastani/PYK004_001.fa	96.8244	30	846
tmp/Flexilinea_tree/fastani/VLC001_002.fa	tmp/Flexilinea_tree/fastani/JAE008_005.fa	94.1861	645	846
tmp/Flexilinea_tree/fastani/VLC001_002.fa	tmp/Flexilinea_tree/fastani/EMN001_010.fa	79.5475	374	846
tmp/Flexilinea_tree/fastani/VLC001_002.fa	tmp/Flexilinea_tree/fastani/PES001_006.fa	79.3783	288	846
tmp/Flexilinea_tree/fastani/VLC001_002.fa	tmp/Flexilinea_tree/fastani/FUM002_005.fa	79.2442	297	846
tmp/Flexilinea_tree/fastani/VLC001_002.fa	tmp/Flexilinea_tree/fastani/GOY005_016.fa	79.224	242	846
tmp/Flexilinea_tree/fastani/VLC001_002.fa	tmp/Flexilinea_tree/fastani/RIG001_011.fa	78.7702	263	846
tmp/Flexilinea_tree/fastani/VLC001_002.fa	tmp/Flexilinea_tree/fastani/EMN001_017.fa	77.2566	150	846
tmp/Flexilinea_tree/fastani/VLC001_002.fa	tmp/Flexilinea_tree/fastani/FUM002_008.fa	77.2281	137	846
tmp/Flexilinea_tree/fastani/VLC001_002.fa	tmp/Flexilinea_tree/fastani/PES001_009.fa	77.1117	94	846
tmp/Flexilinea_tree/fastani/VLC001_002.fa	tmp/Flexilinea_tree/fastani/GOY005_018.fa	76.8187	74	846
tmp/Flexilinea_tree/fastani/GOY005_018.fa	tmp/Flexilinea_tree/fastani/GOY005_018.fa	100	208	210
tmp/Flexilinea_tree/fastani/GOY005_018.fa	tmp/Flexilinea_tree/fastani/FUM002_008.fa	98.3158	183	210
tmp/Flexilinea_tree/fastani/GOY005_018.fa	tmp/Flexilinea_tree/fastani/EMN001_017.fa	96.8822	175	210
tmp/Flexilinea_tree/fastani/GOY005_018.fa	tmp/Flexilinea_tree/fastani/PES001_009.fa	96.5499	139	210
tmp/Flexilinea_tree/fastani/GOY005_018.fa	tmp/Flexilinea_tree/fastani/EMN001_010.fa	78.6304	54	210
tmp/Flexilinea_tree/fastani/GOY005_018.fa	tmp/Flexilinea_tree/fastani/OAK003_004.fa	77.3681	56	210
tmp/Flexilinea_tree/fastani/GOY005_018.fa	tmp/Flexilinea_tree/fastani/JAE016_007.fa	77.336	56	210
tmp/Flexilinea_tree/fastani/GOY005_018.fa	tmp/Flexilinea_tree/fastani/TAF008_003.fa	77.2736	63	210
tmp/Flexilinea_tree/fastani/GOY005_018.fa	tmp/Flexilinea_tree/fastani/GCA_905372085.1.fa	77.2662	55	210
tmp/Flexilinea_tree/fastani/GOY005_018.fa	tmp/Flexilinea_tree/fastani/JAE015_012.fa	77.2026	63	210
tmp/Flexilinea_tree/fastani/GOY005_018.fa	tmp/Flexilinea_tree/fastani/JAE008_005.fa	77.1927	54	210
tmp/Flexilinea_tree/fastani/GOY005_018.fa	tmp/Flexilinea_tree/fastani/OFN001_004.fa	77.1629	61	210
tmp/Flexilinea_tree/fastani/GOY005_018.fa	tmp/Flexilinea_tree/fastani/GCF_001717545.1.fa	77.1502	62	210
tmp/Flexilinea_tree/fastani/GOY005_018.fa	tmp/Flexilinea_tree/fastani/MOA001_001.fa	77.1337	62	210
tmp/Flexilinea_tree/fastani/GOY005_018.fa	tmp/Flexilinea_tree/fastani/VLC008_012.fa	77.0675	57	210
tmp/Flexilinea_tree/fastani/GOY005_018.fa	tmp/Flexilinea_tree/fastani/VLC005_010.fa	77.0616	54	210
tmp/Flexilinea_tree/fastani/GOY005_018.fa	tmp/Flexilinea_tree/fastani/VLC001_002.fa	77.0309	59	210
tmp/Flexilinea_tree/fastani/GOY005_018.fa	tmp/Flexilinea_tree/fastani/JAE009_025.fa	76.9461	52	210
tmp/Flexilinea_tree/fastani/GOY005_018.fa	tmp/Flexilinea_tree/fastani/PES001_006.fa	76.7954	45	210
tmp/Flexilinea_tree/fastani/GOY005_018.fa	tmp/Flexilinea_tree/fastani/FUM002_005.fa	76.6093	42	210
tmp/Flexilinea_tree/fastani/GOY005_018.fa	tmp/Flexilinea_tree/fastani/ECO002_009.fa	76.4577	52	210
tmp/Flexilinea_tree/fastani/RIG001_015.fa	tmp/Flexilinea_tree/fastani/RIG001_015.fa	100	396	406
tmp/Flexilinea_tree/fastani/RIG001_015.fa	tmp/Flexilinea_tree/fastani/OFN001_004.fa	99.1363	379	406
tmp/Flexilinea_tree/fastani/RIG001_015.fa	tmp/Flexilinea_tree/fastani/TAF008_003.fa	99.0676	399	406
tmp/Flexilinea_tree/fastani/RIG001_015.fa	tmp/Flexilinea_tree/fastani/MOA001_001.fa	98.8206	403	406
tmp/Flexilinea_tree/fastani/RIG001_015.fa	tmp/Flexilinea_tree/fastani/OAK003_004.fa	98.7689	390	406
tmp/Flexilinea_tree/fastani/RIG001_015.fa	tmp/Flexilinea_tree/fastani/ECO002_009.fa	98.7272	344	406
tmp/Flexilinea_tree/fastani/RIG001_015.fa	tmp/Flexilinea_tree/fastani/VLC001_002.fa	98.6688	396	406
tmp/Flexilinea_tree/fastani/RIG001_015.fa	tmp/Flexilinea_tree/fastani/JAE016_007.fa	98.6561	390	406
tmp/Flexilinea_tree/fastani/RIG001_015.fa	tmp/Flexilinea_tree/fastani/JAE015_012.fa	98.6518	393	406
tmp/Flexilinea_tree/fastani/RIG001_015.fa	tmp/Flexilinea_tree/fastani/GCF_001717545.1.fa	98.5574	404	406
tmp/Flexilinea_tree/fastani/RIG001_015.fa	tmp/Flexilinea_tree/fastani/PES001_013.fa	98.4417	308	406
tmp/Flexilinea_tree/fastani/RIG001_015.fa	tmp/Flexilinea_tree/fastani/VLC008_012.fa	98.4406	394	406
tmp/Flexilinea_tree/fastani/RIG001_015.fa	tmp/Flexilinea_tree/fastani/GCA_905372085.1.fa	98.3454	344	406
tmp/Flexilinea_tree/fastani/RIG001_015.fa	tmp/Flexilinea_tree/fastani/EMN001_001.fa	98.2553	274	406
tmp/Flexilinea_tree/fastani/RIG001_015.fa	tmp/Flexilinea_tree/fastani/VLC005_010.fa	98.1353	348	406
tmp/Flexilinea_tree/fastani/RIG001_015.fa	tmp/Flexilinea_tree/fastani/JAE009_025.fa	97.838	351	406
tmp/Flexilinea_tree/fastani/RIG001_015.fa	tmp/Flexilinea_tree/fastani/JAE014_017.fa	97.167	237	406
tmp/Flexilinea_tree/fastani/RIG001_015.fa	tmp/Flexilinea_tree/fastani/ECO010_007.fa	96.686	67	406
tmp/Flexilinea_tree/fastani/RIG001_015.fa	tmp/Flexilinea_tree/fastani/ESA006_002.fa	96.3578	204	406
tmp/Flexilinea_tree/fastani/RIG001_015.fa	tmp/Flexilinea_tree/fastani/PYK005_007.fa	95.8481	134	406
tmp/Flexilinea_tree/fastani/RIG001_015.fa	tmp/Flexilinea_tree/fastani/PYK004_001.fa	94.0233	25	406
tmp/Flexilinea_tree/fastani/RIG001_015.fa	tmp/Flexilinea_tree/fastani/JAE008_005.fa	93.6397	370	406
tmp/Flexilinea_tree/fastani/RIG001_015.fa	tmp/Flexilinea_tree/fastani/PES001_006.fa	78.4532	159	406
tmp/Flexilinea_tree/fastani/RIG001_015.fa	tmp/Flexilinea_tree/fastani/EMN001_010.fa	77.393	175	406
tmp/Flexilinea_tree/fastani/RIG001_015.fa	tmp/Flexilinea_tree/fastani/FUM002_005.fa	77.2895	146	406
tmp/Flexilinea_tree/fastani/RIG001_015.fa	tmp/Flexilinea_tree/fastani/GOY005_016.fa	77.1758	133	406
tmp/Flexilinea_tree/fastani/RIG001_015.fa	tmp/Flexilinea_tree/fastani/RIG001_011.fa	77.0936	149	406
tmp/Flexilinea_tree/fastani/OFN001_004.fa	tmp/Flexilinea_tree/fastani/OFN001_004.fa	100	775	783
tmp/Flexilinea_tree/fastani/OFN001_004.fa	tmp/Flexilinea_tree/fastani/TAF008_003.fa	98.9688	678	783
tmp/Flexilinea_tree/fastani/OFN001_004.fa	tmp/Flexilinea_tree/fastani/ECO002_009.fa	98.7987	555	783
tmp/Flexilinea_tree/fastani/OFN001_004.fa	tmp/Flexilinea_tree/fastani/MOA001_001.fa	98.7492	735	783
tmp/Flexilinea_tree/fastani/OFN001_004.fa	tmp/Flexilinea_tree/fastani/JAE016_007.fa	98.7471	681	783
tmp/Flexilinea_tree/fastani/OFN001_004.fa	tmp/Flexilinea_tree/fastani/OAK003_004.fa	98.7306	678	783
tmp/Flexilinea_tree/fastani/OFN001_004.fa	tmp/Flexilinea_tree/fastani/VLC001_002.fa	98.7271	685	783
tmp/Flexilinea_tree/fastani/OFN001_004.fa	tmp/Flexilinea_tree/fastani/JAE015_012.fa	98.7207	699	783
tmp/Flexilinea_tree/fastani/OFN001_004.fa	tmp/Flexilinea_tree/fastani/GCA_905372085.1.fa	98.6959	569	783
tmp/Flexilinea_tree/fastani/OFN001_004.fa	tmp/Flexilinea_tree/fastani/GCF_001717545.1.fa	98.5428	745	783
tmp/Flexilinea_tree/fastani/OFN001_004.fa	tmp/Flexilinea_tree/fastani/RIG001_015.fa	98.5369	375	783
tmp/Flexilinea_tree/fastani/OFN001_004.fa	tmp/Flexilinea_tree/fastani/VLC008_012.fa	98.5258	678	783
tmp/Flexilinea_tree/fastani/OFN001_004.fa	tmp/Flexilinea_tree/fastani/PES001_013.fa	98.5112	423	783
tmp/Flexilinea_tree/fastani/OFN001_004.fa	tmp/Flexilinea_tree/fastani/VLC005_010.fa	98.4581	594	783
tmp/Flexilinea_tree/fastani/OFN001_004.fa	tmp/Flexilinea_tree/fastani/JAE009_025.fa	98.3072	537	783
tmp/Flexilinea_tree/fastani/OFN001_004.fa	tmp/Flexilinea_tree/fastani/EMN001_001.fa	98.294	365	783
tmp/Flexilinea_tree/fastani/OFN001_004.fa	tmp/Flexilinea_tree/fastani/JAE014_017.fa	98.0058	347	783
tmp/Flexilinea_tree/fastani/OFN001_004.fa	tmp/Flexilinea_tree/fastani/ECO010_007.fa	97.9127	89	783
tmp/Flexilinea_tree/fastani/OFN001_004.fa	tmp/Flexilinea_tree/fastani/ESA006_002.fa	97.8318	267	783
tmp/Flexilinea_tree/fastani/OFN001_004.fa	tmp/Flexilinea_tree/fastani/PYK005_007.fa	97.1201	191	783
tmp/Flexilinea_tree/fastani/OFN001_004.fa	tmp/Flexilinea_tree/fastani/PYK004_001.fa	96.7243	30	783
tmp/Flexilinea_tree/fastani/OFN001_004.fa	tmp/Flexilinea_tree/fastani/JAE008_005.fa	93.8867	609	783
tmp/Flexilinea_tree/fastani/OFN001_004.fa	tmp/Flexilinea_tree/fastani/FUM002_005.fa	80.1795	280	783
tmp/Flexilinea_tree/fastani/OFN001_004.fa	tmp/Flexilinea_tree/fastani/EMN001_010.fa	79.9841	355	783
tmp/Flexilinea_tree/fastani/OFN001_004.fa	tmp/Flexilinea_tree/fastani/PES001_006.fa	79.7141	284	783
tmp/Flexilinea_tree/fastani/OFN001_004.fa	tmp/Flexilinea_tree/fastani/GOY005_016.fa	79.66	243	783
tmp/Flexilinea_tree/fastani/OFN001_004.fa	tmp/Flexilinea_tree/fastani/RIG001_011.fa	78.9602	252	783
tmp/Flexilinea_tree/fastani/OFN001_004.fa	tmp/Flexilinea_tree/fastani/EMN001_017.fa	77.5915	134	783
tmp/Flexilinea_tree/fastani/OFN001_004.fa	tmp/Flexilinea_tree/fastani/FUM002_008.fa	77.3512	126	783
tmp/Flexilinea_tree/fastani/OFN001_004.fa	tmp/Flexilinea_tree/fastani/PES001_009.fa	77.149	78	783
tmp/Flexilinea_tree/fastani/OFN001_004.fa	tmp/Flexilinea_tree/fastani/GOY005_018.fa	77.1404	70	783
tmp/Flexilinea_tree/fastani/PES001_006.fa	tmp/Flexilinea_tree/fastani/PES001_006.fa	100	643	649
tmp/Flexilinea_tree/fastani/PES001_006.fa	tmp/Flexilinea_tree/fastani/EMN001_010.fa	99.1985	605	649
tmp/Flexilinea_tree/fastani/PES001_006.fa	tmp/Flexilinea_tree/fastani/FUM002_005.fa	99.0232	507	649
tmp/Flexilinea_tree/fastani/PES001_006.fa	tmp/Flexilinea_tree/fastani/RIG001_011.fa	98.7957	450	649
tmp/Flexilinea_tree/fastani/PES001_006.fa	tmp/Flexilinea_tree/fastani/GOY005_016.fa	98.7144	399	649
tmp/Flexilinea_tree/fastani/PES001_006.fa	tmp/Flexilinea_tree/fastani/PYK004_001.fa	80.6043	13	649
tmp/Flexilinea_tree/fastani/PES001_006.fa	tmp/Flexilinea_tree/fastani/ECO010_007.fa	79.8756	28	649
tmp/Flexilinea_tree/fastani/PES001_006.fa	tmp/Flexilinea_tree/fastani/PYK005_007.fa	79.851	84	649
tmp/Flexilinea_tree/fastani/PES001_006.fa	tmp/Flexilinea_tree/fastani/JAE009_025.fa	79.7868	231	649
tmp/Flexilinea_tree/fastani/PES001_006.fa	tmp/Flexilinea_tree/fastani/ESA006_002.fa	79.7503	122	649
tmp/Flexilinea_tree/fastani/PES001_006.fa	tmp/Flexilinea_tree/fastani/OFN001_004.fa	79.722	278	649
tmp/Flexilinea_tree/fastani/PES001_006.fa	tmp/Flexilinea_tree/fastani/JAE014_017.fa	79.6709	148	649
tmp/Flexilinea_tree/fastani/PES001_006.fa	tmp/Flexilinea_tree/fastani/VLC008_012.fa	79.6484	278	649
tmp/Flexilinea_tree/fastani/PES001_006.fa	tmp/Flexilinea_tree/fastani/GCF_001717545.1.fa	79.641	304	649
tmp/Flexilinea_tree/fastani/PES001_006.fa	tmp/Flexilinea_tree/fastani/MOA001_001.fa	79.6046	291	649
tmp/Flexilinea_tree/fastani/PES001_006.fa	tmp/Flexilinea_tree/fastani/OAK003_004.fa	79.6042	273	649
tmp/Flexilinea_tree/fastani/PES001_006.fa	tmp/Flexilinea_tree/fastani/JAE015_012.fa	79.5878	280	649
tmp/Flexilinea_tree/fastani/PES001_006.fa	tmp/Flexilinea_tree/fastani/VLC005_010.fa	79.586	245	649
tmp/Flexilinea_tree/fastani/PES001_006.fa	tmp/Flexilinea_tree/fastani/ECO002_009.fa	79.5856	243	649
tmp/Flexilinea_tree/fastani/PES001_006.fa	tmp/Flexilinea_tree/fastani/JAE016_007.fa	79.5832	270	649
tmp/Flexilinea_tree/fastani/PES001_006.fa	tmp/Flexilinea_tree/fastani/VLC001_002.fa	79.5705	272	649
tmp/Flexilinea_tree/fastani/PES001_006.fa	tmp/Flexilinea_tree/fastani/GCA_905372085.1.fa	79.5032	243	649
tmp/Flexilinea_tree/fastani/PES001_006.fa	tmp/Flexilinea_tree/fastani/TAF008_003.fa	79.474	279	649
tmp/Flexilinea_tree/fastani/PES001_006.fa	tmp/Flexilinea_tree/fastani/JAE008_005.fa	78.9254	258	649
tmp/Flexilinea_tree/fastani/PES001_006.fa	tmp/Flexilinea_tree/fastani/RIG001_015.fa	78.524	158	649
tmp/Flexilinea_tree/fastani/PES001_006.fa	tmp/Flexilinea_tree/fastani/EMN001_001.fa	78.2098	150	649
tmp/Flexilinea_tree/fastani/PES001_006.fa	tmp/Flexilinea_tree/fastani/PES001_013.fa	77.8437	190	649
tmp/Flexilinea_tree/fastani/EMN001_001.fa	tmp/Flexilinea_tree/fastani/EMN001_001.fa	99.9999	386	391
tmp/Flexilinea_tree/fastani/EMN001_001.fa	tmp/Flexilinea_tree/fastani/OFN001_004.fa	99.0722	366	391
tmp/Flexilinea_tree/fastani/EMN001_001.fa	tmp/Flexilinea_tree/fastani/TAF008_003.fa	99.0664	379	391
tmp/Flexilinea_tree/fastani/EMN001_001.fa	tmp/Flexilinea_tree/fastani/MOA001_001.fa	98.8651	388	391
tmp/Flexilinea_tree/fastani/EMN001_001.fa	tmp/Flexilinea_tree/fastani/OAK003_004.fa	98.8452	371	391
tmp/Flexilinea_tree/fastani/EMN001_001.fa	tmp/Flexilinea_tree/fastani/VLC001_002.fa	98.7601	377	391
tmp/Flexilinea_tree/fastani/EMN001_001.fa	tmp/Flexilinea_tree/fastani/JAE015_012.fa	98.7553	375	391
tmp/Flexilinea_tree/fastani/EMN001_001.fa	tmp/Flexilinea_tree/fastani/ECO002_009.fa	98.7378	331	391
tmp/Flexilinea_tree/fastani/EMN001_001.fa	tmp/Flexilinea_tree/fastani/RIG001_015.fa	98.7013	271	391
tmp/Flexilinea_tree/fastani/EMN001_001.fa	tmp/Flexilinea_tree/fastani/JAE016_007.fa	98.6867	374	391
tmp/Flexilinea_tree/fastani/EMN001_001.fa	tmp/Flexilinea_tree/fastani/GCF_001717545.1.fa	98.6294	389	391
tmp/Flexilinea_tree/fastani/EMN001_001.fa	tmp/Flexilinea_tree/fastani/VLC008_012.fa	98.5176	378	391
tmp/Flexilinea_tree/fastani/EMN001_001.fa	tmp/Flexilinea_tree/fastani/GCA_905372085.1.fa	98.3383	330	391
tmp/Flexilinea_tree/fastani/EMN001_001.fa	tmp/Flexilinea_tree/fastani/VLC005_010.fa	98.1632	345	391
tmp/Flexilinea_tree/fastani/EMN001_001.fa	tmp/Flexilinea_tree/fastani/PES001_013.fa	98.1092	296	391
tmp/Flexilinea_tree/fastani/EMN001_001.fa	tmp/Flexilinea_tree/fastani/JAE009_025.fa	97.9738	331	391
tmp/Flexilinea_tree/fastani/EMN001_001.fa	tmp/Flexilinea_tree/fastani/JAE014_017.fa	97.119	218	391
tmp/Flexilinea_tree/fastani/EMN001_001.fa	tmp/Flexilinea_tree/fastani/ECO010_007.fa	96.7387	62	391
tmp/Flexilinea_tree/fastani/EMN001_001.fa	tmp/Flexilinea_tree/fastani/ESA006_002.fa	96.6075	195	391
tmp/Flexilinea_tree/fastani/EMN001_001.fa	tmp/Flexilinea_tree/fastani/PYK005_007.fa	94.8577	130	391
tmp/Flexilinea_tree/fastani/EMN001_001.fa	tmp/Flexilinea_tree/fastani/PYK004_001.fa	94.7655	23	391
tmp/Flexilinea_tree/fastani/EMN001_001.fa	tmp/Flexilinea_tree/fastani/JAE008_005.fa	93.3979	354	391
tmp/Flexilinea_tree/fastani/EMN001_001.fa	tmp/Flexilinea_tree/fastani/PES001_006.fa	78.2616	151	391
tmp/Flexilinea_tree/fastani/EMN001_001.fa	tmp/Flexilinea_tree/fastani/RIG001_011.fa	77.9333	141	391
tmp/Flexilinea_tree/fastani/EMN001_001.fa	tmp/Flexilinea_tree/fastani/FUM002_005.fa	77.7029	146	391
tmp/Flexilinea_tree/fastani/EMN001_001.fa	tmp/Flexilinea_tree/fastani/EMN001_010.fa	77.4698	177	391
tmp/Flexilinea_tree/fastani/EMN001_001.fa	tmp/Flexilinea_tree/fastani/GOY005_016.fa	77.3431	116	391
tmp/Flexilinea_tree/fastani/ESA006_002.fa	tmp/Flexilinea_tree/fastani/ESA006_002.fa	100	281	284
tmp/Flexilinea_tree/fastani/ESA006_002.fa	tmp/Flexilinea_tree/fastani/VLC001_002.fa	98.835	279	284
tmp/Flexilinea_tree/fastani/ESA006_002.fa	tmp/Flexilinea_tree/fastani/JAE015_012.fa	98.76	277	284
tmp/Flexilinea_tree/fastani/ESA006_002.fa	tmp/Flexilinea_tree/fastani/TAF008_003.fa	98.7486	280	284
tmp/Flexilinea_tree/fastani/ESA006_002.fa	tmp/Flexilinea_tree/fastani/OFN001_004.fa	98.7095	269	284
tmp/Flexilinea_tree/fastani/ESA006_002.fa	tmp/Flexilinea_tree/fastani/MOA001_001.fa	98.6199	280	284
tmp/Flexilinea_tree/fastani/ESA006_002.fa	tmp/Flexilinea_tree/fastani/OAK003_004.fa	98.6175	276	284
tmp/Flexilinea_tree/fastani/ESA006_002.fa	tmp/Flexilinea_tree/fastani/GCF_001717545.1.fa	98.5894	283	284
tmp/Flexilinea_tree/fastani/ESA006_002.fa	tmp/Flexilinea_tree/fastani/JAE016_007.fa	98.5742	273	284
tmp/Flexilinea_tree/fastani/ESA006_002.fa	tmp/Flexilinea_tree/fastani/VLC008_012.fa	98.5172	275	284
tmp/Flexilinea_tree/fastani/ESA006_002.fa	tmp/Flexilinea_tree/fastani/GCA_905372085.1.fa	98.3404	254	284
tmp/Flexilinea_tree/fastani/ESA006_002.fa	tmp/Flexilinea_tree/fastani/VLC005_010.fa	98.135	252	284
tmp/Flexilinea_tree/fastani/ESA006_002.fa	tmp/Flexilinea_tree/fastani/ECO002_009.fa	97.9675	252	284
tmp/Flexilinea_tree/fastani/ESA006_002.fa	tmp/Flexilinea_tree/fastani/JAE009_025.fa	97.7971	258	284
tmp/Flexilinea_tree/fastani/ESA006_002.fa	tmp/Flexilinea_tree/fastani/PES001_013.fa	97.3388	219	284
tmp/Flexilinea_tree/fastani/ESA006_002.fa	tmp/Flexilinea_tree/fastani/JAE014_017.fa	97.1257	180	284
tmp/Flexilinea_tree/fastani/ESA006_002.fa	tmp/Flexilinea_tree/fastani/RIG001_015.fa	96.9665	213	284
tmp/Flexilinea_tree/fastani/ESA006_002.fa	tmp/Flexilinea_tree/fastani/EMN001_001.fa	96.7363	194	284
tmp/Flexilinea_tree/fastani/ESA006_002.fa	tmp/Flexilinea_tree/fastani/PYK004_001.fa	96.6685	16	284
tmp/Flexilinea_tree/fastani/ESA006_002.fa	tmp/Flexilinea_tree/fastani/PYK005_007.fa	95.315	123	284
tmp/Flexilinea_tree/fastani/ESA006_002.fa	tmp/Flexilinea_tree/fastani/ECO010_007.fa	95.2303	56	284
tmp/Flexilinea_tree/fastani/ESA006_002.fa	tmp/Flexilinea_tree/fastani/JAE008_005.fa	93.9763	267	284
tmp/Flexilinea_tree/fastani/ESA006_002.fa	tmp/Flexilinea_tree/fastani/PES001_006.fa	79.1462	137	284
tmp/Flexilinea_tree/fastani/ESA006_002.fa	tmp/Flexilinea_tree/fastani/EMN001_010.fa	78.9643	167	284
tmp/Flexilinea_tree/fastani/ESA006_002.fa	tmp/Flexilinea_tree/fastani/FUM002_005.fa	78.7707	129	284
tmp/Flexilinea_tree/fastani/ESA006_002.fa	tmp/Flexilinea_tree/fastani/GOY005_016.fa	78.7603	107	284
tmp/Flexilinea_tree/fastani/ESA006_002.fa	tmp/Flexilinea_tree/fastani/RIG001_011.fa	78.377	116	284
tmp/Flexilinea_tree/fastani/ESA006_002.fa	tmp/Flexilinea_tree/fastani/EMN001_017.fa	77.0871	58	284
tmp/Flexilinea_tree/fastani/JAE009_025.fa	tmp/Flexilinea_tree/fastani/JAE009_025.fa	100	657	674
tmp/Flexilinea_tree/fastani/JAE009_025.fa	tmp/Flexilinea_tree/fastani/VLC001_002.fa	98.7045	626	674
tmp/Flexilinea_tree/fastani/JAE009_025.fa	tmp/Flexilinea_tree/fastani/JAE015_012.fa	98.6791	623	674
tmp/Flexilinea_tree/fastani/JAE009_025.fa	tmp/Flexilinea_tree/fastani/MOA001_001.fa	98.6695	653	674
tmp/Flexilinea_tree/fastani/JAE009_025.fa	tmp/Flexilinea_tree/fastani/TAF008_003.fa	98.6495	607	674
tmp/Flexilinea_tree/fastani/JAE009_025.fa	tmp/Flexilinea_tree/fastani/VLC008_012.fa	98.6423	614	674
tmp/Flexilinea_tree/fastani/JAE009_025.fa	tmp/Flexilinea_tree/fastani/JAE016_007.fa	98.6071	603	674
tmp/Flexilinea_tree/fastani/JAE009_025.fa	tmp/Flexilinea_tree/fastani/GCF_001717545.1.fa	98.5773	668	674
tmp/Flexilinea_tree/fastani/JAE009_025.fa	tmp/Flexilinea_tree/fastani/OFN001_004.fa	98.5294	549	674
tmp/Flexilinea_tree/fastani/JAE009_025.fa	tmp/Flexilinea_tree/fastani/OAK003_004.fa	98.5056	600	674
tmp/Flexilinea_tree/fastani/JAE009_025.fa	tmp/Flexilinea_tree/fastani/GCA_905372085.1.fa	98.4351	547	674
tmp/Flexilinea_tree/fastani/JAE009_025.fa	tmp/Flexilinea_tree/fastani/ECO002_009.fa	98.2025	482	674
tmp/Flexilinea_tree/fastani/JAE009_025.fa	tmp/Flexilinea_tree/fastani/VLC005_010.fa	98.1195	520	674
tmp/Flexilinea_tree/fastani/JAE009_025.fa	tmp/Flexilinea_tree/fastani/RIG001_015.fa	97.8123	332	674
tmp/Flexilinea_tree/fastani/JAE009_025.fa	tmp/Flexilinea_tree/fastani/JAE014_017.fa	97.7387	324	674
tmp/Flexilinea_tree/fastani/JAE009_025.fa	tmp/Flexilinea_tree/fastani/EMN001_001.fa	97.6066	339	674
tmp/Flexilinea_tree/fastani/JAE009_025.fa	tmp/Flexilinea_tree/fastani/PES001_013.fa	97.5997	366	674
tmp/Flexilinea_tree/fastani/JAE009_025.fa	tmp/Flexilinea_tree/fastani/ESA006_002.fa	97.127	252	674
tmp/Flexilinea_tree/fastani/JAE009_025.fa	tmp/Flexilinea_tree/fastani/PYK005_007.fa	96.6727	190	674
tmp/Flexilinea_tree/fastani/JAE009_025.fa	tmp/Flexilinea_tree/fastani/ECO010_007.fa	96.391	89	674
tmp/Flexilinea_tree/fastani/JAE009_025.fa	tmp/Flexilinea_tree/fastani/PYK004_001.fa	95.6392	26	674
tmp/Flexilinea_tree/fastani/JAE009_025.fa	tmp/Flexilinea_tree/fastani/JAE008_005.fa	93.7651	529	674
tmp/Flexilinea_tree/fastani/JAE009_025.fa	tmp/Flexilinea_tree/fastani/EMN001_010.fa	79.4909	293	674
tmp/Flexilinea_tree/fastani/JAE009_025.fa	tmp/Flexilinea_tree/fastani/PES001_006.fa	79.413	251	674
tmp/Flexilinea_tree/fastani/JAE009_025.fa	tmp/Flexilinea_tree/fastani/GOY005_016.fa	79.0435	210	674
tmp/Flexilinea_tree/fastani/JAE009_025.fa	tmp/Flexilinea_tree/fastani/FUM002_005.fa	79.005	240	674
tmp/Flexilinea_tree/fastani/JAE009_025.fa	tmp/Flexilinea_tree/fastani/RIG001_011.fa	78.4386	220	674
tmp/Flexilinea_tree/fastani/JAE009_025.fa	tmp/Flexilinea_tree/fastani/EMN001_017.fa	77.4637	109	674
tmp/Flexilinea_tree/fastani/JAE009_025.fa	tmp/Flexilinea_tree/fastani/PES001_009.fa	77.4383	69	674
tmp/Flexilinea_tree/fastani/JAE009_025.fa	tmp/Flexilinea_tree/fastani/GOY005_018.fa	77.3342	51	674
tmp/Flexilinea_tree/fastani/JAE009_025.fa	tmp/Flexilinea_tree/fastani/FUM002_008.fa	77.1185	103	674
tmp/Flexilinea_tree/fastani/PES001_009.fa	tmp/Flexilinea_tree/fastani/PES001_009.fa	100	305	311
tmp/Flexilinea_tree/fastani/PES001_009.fa	tmp/Flexilinea_tree/fastani/FUM002_008.fa	97.6939	244	311
tmp/Flexilinea_tree/fastani/PES001_009.fa	tmp/Flexilinea_tree/fastani/GOY005_018.fa	96.9994	139	311
tmp/Flexilinea_tree/fastani/PES001_009.fa	tmp/Flexilinea_tree/fastani/EMN001_017.fa	96.7744	249	311
tmp/Flexilinea_tree/fastani/PES001_009.fa	tmp/Flexilinea_tree/fastani/GCA_905372085.1.fa	77.9298	67	311
tmp/Flexilinea_tree/fastani/PES001_009.fa	tmp/Flexilinea_tree/fastani/VLC008_012.fa	77.7992	77	311
tmp/Flexilinea_tree/fastani/PES001_009.fa	tmp/Flexilinea_tree/fastani/GCF_001717545.1.fa	77.6492	81	311
tmp/Flexilinea_tree/fastani/PES001_009.fa	tmp/Flexilinea_tree/fastani/MOA001_001.fa	77.594	79	311
tmp/Flexilinea_tree/fastani/PES001_009.fa	tmp/Flexilinea_tree/fastani/TAF008_003.fa	77.5921	80	311
tmp/Flexilinea_tree/fastani/PES001_009.fa	tmp/Flexilinea_tree/fastani/VLC001_002.fa	77.5835	81	311
tmp/Flexilinea_tree/fastani/PES001_009.fa	tmp/Flexilinea_tree/fastani/JAE009_025.fa	77.5461	65	311
tmp/Flexilinea_tree/fastani/PES001_009.fa	tmp/Flexilinea_tree/fastani/ECO002_009.fa	77.5234	69	311
tmp/Flexilinea_tree/fastani/PES001_009.fa	tmp/Flexilinea_tree/fastani/OAK003_004.fa	77.4524	77	311
tmp/Flexilinea_tree/fastani/PES001_009.fa	tmp/Flexilinea_tree/fastani/JAE008_005.fa	77.3359	71	311
tmp/Flexilinea_tree/fastani/PES001_009.fa	tmp/Flexilinea_tree/fastani/JAE015_012.fa	77.2629	76	311
tmp/Flexilinea_tree/fastani/PES001_009.fa	tmp/Flexilinea_tree/fastani/JAE016_007.fa	77.2273	77	311
tmp/Flexilinea_tree/fastani/PES001_009.fa	tmp/Flexilinea_tree/fastani/VLC005_010.fa	77.0814	68	311
tmp/Flexilinea_tree/fastani/PES001_009.fa	tmp/Flexilinea_tree/fastani/OFN001_004.fa	76.9391	79	311
tmp/Flexilinea_tree/fastani/VLC005_010.fa	tmp/Flexilinea_tree/fastani/VLC005_010.fa	100	702	707
tmp/Flexilinea_tree/fastani/VLC005_010.fa	tmp/Flexilinea_tree/fastani/MOA001_001.fa	98.6105	679	707
tmp/Flexilinea_tree/fastani/VLC005_010.fa	tmp/Flexilinea_tree/fastani/VLC001_002.fa	98.5851	652	707
tmp/Flexilinea_tree/fastani/VLC005_010.fa	tmp/Flexilinea_tree/fastani/TAF008_003.fa	98.5781	627	707
tmp/Flexilinea_tree/fastani/VLC005_010.fa	tmp/Flexilinea_tree/fastani/OAK003_004.fa	98.5589	627	707
tmp/Flexilinea_tree/fastani/VLC005_010.fa	tmp/Flexilinea_tree/fastani/JAE015_012.fa	98.492	663	707
tmp/Flexilinea_tree/fastani/VLC005_010.fa	tmp/Flexilinea_tree/fastani/OFN001_004.fa	98.4726	604	707
tmp/Flexilinea_tree/fastani/VLC005_010.fa	tmp/Flexilinea_tree/fastani/GCA_905372085.1.fa	98.4005	539	707
tmp/Flexilinea_tree/fastani/VLC005_010.fa	tmp/Flexilinea_tree/fastani/GCF_001717545.1.fa	98.3685	682	707
tmp/Flexilinea_tree/fastani/VLC005_010.fa	tmp/Flexilinea_tree/fastani/VLC008_012.fa	98.3315	645	707
tmp/Flexilinea_tree/fastani/VLC005_010.fa	tmp/Flexilinea_tree/fastani/JAE016_007.fa	98.2932	638	707
tmp/Flexilinea_tree/fastani/VLC005_010.fa	tmp/Flexilinea_tree/fastani/ECO002_009.fa	98.2204	516	707
tmp/Flexilinea_tree/fastani/VLC005_010.fa	tmp/Flexilinea_tree/fastani/PES001_013.fa	97.9594	382	707
tmp/Flexilinea_tree/fastani/VLC005_010.fa	tmp/Flexilinea_tree/fastani/JAE009_025.fa	97.9484	525	707
tmp/Flexilinea_tree/fastani/VLC005_010.fa	tmp/Flexilinea_tree/fastani/RIG001_015.fa	97.9398	347	707
tmp/Flexilinea_tree/fastani/VLC005_010.fa	tmp/Flexilinea_tree/fastani/EMN001_001.fa	97.7067	342	707
tmp/Flexilinea_tree/fastani/VLC005_010.fa	tmp/Flexilinea_tree/fastani/ESA006_002.fa	97.6392	245	707
tmp/Flexilinea_tree/fastani/VLC005_010.fa	tmp/Flexilinea_tree/fastani/JAE014_017.fa	97.6284	341	707
tmp/Flexilinea_tree/fastani/VLC005_010.fa	tmp/Flexilinea_tree/fastani/PYK005_007.fa	97.1768	184	707
tmp/Flexilinea_tree/fastani/VLC005_010.fa	tmp/Flexilinea_tree/fastani/PYK004_001.fa	96.4923	30	707
tmp/Flexilinea_tree/fastani/VLC005_010.fa	tmp/Flexilinea_tree/fastani/ECO010_007.fa	96.2689	89	707
tmp/Flexilinea_tree/fastani/VLC005_010.fa	tmp/Flexilinea_tree/fastani/JAE008_005.fa	94.3064	573	707
tmp/Flexilinea_tree/fastani/VLC005_010.fa	tmp/Flexilinea_tree/fastani/EMN001_010.fa	79.8235	319	707
tmp/Flexilinea_tree/fastani/VLC005_010.fa	tmp/Flexilinea_tree/fastani/PES001_006.fa	79.4614	251	707
tmp/Flexilinea_tree/fastani/VLC005_010.fa	tmp/Flexilinea_tree/fastani/GOY005_016.fa	79.3833	210	707
tmp/Flexilinea_tree/fastani/VLC005_010.fa	tmp/Flexilinea_tree/fastani/FUM002_005.fa	79.3549	261	707
tmp/Flexilinea_tree/fastani/VLC005_010.fa	tmp/Flexilinea_tree/fastani/RIG001_011.fa	78.8292	216	707
tmp/Flexilinea_tree/fastani/VLC005_010.fa	tmp/Flexilinea_tree/fastani/EMN001_017.fa	77.1802	146	707
tmp/Flexilinea_tree/fastani/VLC005_010.fa	tmp/Flexilinea_tree/fastani/FUM002_008.fa	77.0511	123	707
tmp/Flexilinea_tree/fastani/VLC005_010.fa	tmp/Flexilinea_tree/fastani/PES001_009.fa	77.0001	80	707
tmp/Flexilinea_tree/fastani/VLC005_010.fa	tmp/Flexilinea_tree/fastani/GOY005_018.fa	76.816	63	707
tmp/Flexilinea_tree/fastani/OAK003_004.fa	tmp/Flexilinea_tree/fastani/OAK003_004.fa	100	799	806
tmp/Flexilinea_tree/fastani/OAK003_004.fa	tmp/Flexilinea_tree/fastani/TAF008_003.fa	99.0004	730	806
tmp/Flexilinea_tree/fastani/OAK003_004.fa	tmp/Flexilinea_tree/fastani/MOA001_001.fa	98.9473	779	806
tmp/Flexilinea_tree/fastani/OAK003_004.fa	tmp/Flexilinea_tree/fastani/OFN001_004.fa	98.7099	679	806
tmp/Flexilinea_tree/fastani/OAK003_004.fa	tmp/Flexilinea_tree/fastani/ECO002_009.fa	98.7059	551	806
tmp/Flexilinea_tree/fastani/OAK003_004.fa	tmp/Flexilinea_tree/fastani/JAE015_012.fa	98.6874	743	806
tmp/Flexilinea_tree/fastani/OAK003_004.fa	tmp/Flexilinea_tree/fastani/JAE016_007.fa	98.6748	708	806
tmp/Flexilinea_tree/fastani/OAK003_004.fa	tmp/Flexilinea_tree/fastani/GCA_905372085.1.fa	98.631	621	806
tmp/Flexilinea_tree/fastani/OAK003_004.fa	tmp/Flexilinea_tree/fastani/VLC001_002.fa	98.6275	727	806
tmp/Flexilinea_tree/fastani/OAK003_004.fa	tmp/Flexilinea_tree/fastani/GCF_001717545.1.fa	98.4828	788	806
tmp/Flexilinea_tree/fastani/OAK003_004.fa	tmp/Flexilinea_tree/fastani/VLC008_012.fa	98.4347	719	806
tmp/Flexilinea_tree/fastani/OAK003_004.fa	tmp/Flexilinea_tree/fastani/PES001_013.fa	98.4002	434	806
tmp/Flexilinea_tree/fastani/OAK003_004.fa	tmp/Flexilinea_tree/fastani/VLC005_010.fa	98.3998	626	806
tmp/Flexilinea_tree/fastani/OAK003_004.fa	tmp/Flexilinea_tree/fastani/RIG001_015.fa	98.3853	384	806
tmp/Flexilinea_tree/fastani/OAK003_004.fa	tmp/Flexilinea_tree/fastani/JAE009_025.fa	98.2905	584	806
tmp/Flexilinea_tree/fastani/OAK003_004.fa	tmp/Flexilinea_tree/fastani/EMN001_001.fa	98.2525	370	806
tmp/Flexilinea_tree/fastani/OAK003_004.fa	tmp/Flexilinea_tree/fastani/JAE014_017.fa	97.9964	358	806
tmp/Flexilinea_tree/fastani/OAK003_004.fa	tmp/Flexilinea_tree/fastani/ESA006_002.fa	97.8221	274	806
tmp/Flexilinea_tree/fastani/OAK003_004.fa	tmp/Flexilinea_tree/fastani/ECO010_007.fa	97.3144	90	806
tmp/Flexilinea_tree/fastani/OAK003_004.fa	tmp/Flexilinea_tree/fastani/PYK005_007.fa	97.0628	194	806
tmp/Flexilinea_tree/fastani/OAK003_004.fa	tmp/Flexilinea_tree/fastani/PYK004_001.fa	96.4041	29	806
tmp/Flexilinea_tree/fastani/OAK003_004.fa	tmp/Flexilinea_tree/fastani/JAE008_005.fa	93.8307	632	806
tmp/Flexilinea_tree/fastani/OAK003_004.fa	tmp/Flexilinea_tree/fastani/EMN001_010.fa	79.8618	351	806
tmp/Flexilinea_tree/fastani/OAK003_004.fa	tmp/Flexilinea_tree/fastani/GOY005_016.fa	79.7079	231	806
tmp/Flexilinea_tree/fastani/OAK003_004.fa	tmp/Flexilinea_tree/fastani/PES001_006.fa	79.5705	294	806
tmp/Flexilinea_tree/fastani/OAK003_004.fa	tmp/Flexilinea_tree/fastani/FUM002_005.fa	79.5339	284	806
tmp/Flexilinea_tree/fastani/OAK003_004.fa	tmp/Flexilinea_tree/fastani/RIG001_011.fa	78.9669	249	806
tmp/Flexilinea_tree/fastani/OAK003_004.fa	tmp/Flexilinea_tree/fastani/EMN001_017.fa	77.3454	152	806
tmp/Flexilinea_tree/fastani/OAK003_004.fa	tmp/Flexilinea_tree/fastani/PES001_009.fa	77.3419	83	806
tmp/Flexilinea_tree/fastani/OAK003_004.fa	tmp/Flexilinea_tree/fastani/FUM002_008.fa	77.2085	129	806
tmp/Flexilinea_tree/fastani/OAK003_004.fa	tmp/Flexilinea_tree/fastani/GOY005_018.fa	77.1751	65	806
tmp/Flexilinea_tree/fastani/FUM002_005.fa	tmp/Flexilinea_tree/fastani/FUM002_005.fa	99.9999	646	658
tmp/Flexilinea_tree/fastani/FUM002_005.fa	tmp/Flexilinea_tree/fastani/EMN001_010.fa	99.1641	605	658
tmp/Flexilinea_tree/fastani/FUM002_005.fa	tmp/Flexilinea_tree/fastani/PES001_006.fa	98.9312	511	658
tmp/Flexilinea_tree/fastani/FUM002_005.fa	tmp/Flexilinea_tree/fastani/GOY005_016.fa	98.7435	421	658
tmp/Flexilinea_tree/fastani/FUM002_005.fa	tmp/Flexilinea_tree/fastani/RIG001_011.fa	98.7284	468	658
tmp/Flexilinea_tree/fastani/FUM002_005.fa	tmp/Flexilinea_tree/fastani/OFN001_004.fa	80.1648	281	658
tmp/Flexilinea_tree/fastani/FUM002_005.fa	tmp/Flexilinea_tree/fastani/MOA001_001.fa	79.822	311	658
tmp/Flexilinea_tree/fastani/FUM002_005.fa	tmp/Flexilinea_tree/fastani/ECO002_009.fa	79.804	246	658
tmp/Flexilinea_tree/fastani/FUM002_005.fa	tmp/Flexilinea_tree/fastani/GCF_001717545.1.fa	79.7856	321	658
tmp/Flexilinea_tree/fastani/FUM002_005.fa	tmp/Flexilinea_tree/fastani/OAK003_004.fa	79.7438	275	658
tmp/Flexilinea_tree/fastani/FUM002_005.fa	tmp/Flexilinea_tree/fastani/TAF008_003.fa	79.7383	294	658
tmp/Flexilinea_tree/fastani/FUM002_005.fa	tmp/Flexilinea_tree/fastani/PYK005_007.fa	79.7081	89	658
tmp/Flexilinea_tree/fastani/FUM002_005.fa	tmp/Flexilinea_tree/fastani/GCA_905372085.1.fa	79.6607	253	658
tmp/Flexilinea_tree/fastani/FUM002_005.fa	tmp/Flexilinea_tree/fastani/VLC008_012.fa	79.6403	292	658
tmp/Flexilinea_tree/fastani/FUM002_005.fa	tmp/Flexilinea_tree/fastani/VLC001_002.fa	79.5741	284	658
tmp/Flexilinea_tree/fastani/FUM002_005.fa	tmp/Flexilinea_tree/fastani/JAE014_017.fa	79.5461	148	658
tmp/Flexilinea_tree/fastani/FUM002_005.fa	tmp/Flexilinea_tree/fastani/JAE015_012.fa	79.4983	285	658
tmp/Flexilinea_tree/fastani/FUM002_005.fa	tmp/Flexilinea_tree/fastani/VLC005_010.fa	79.4898	257	658
tmp/Flexilinea_tree/fastani/FUM002_005.fa	tmp/Flexilinea_tree/fastani/JAE009_025.fa	79.3859	243	658
tmp/Flexilinea_tree/fastani/FUM002_005.fa	tmp/Flexilinea_tree/fastani/JAE016_007.fa	79.1928	294	658
tmp/Flexilinea_tree/fastani/FUM002_005.fa	tmp/Flexilinea_tree/fastani/ECO010_007.fa	79.0735	31	658
tmp/Flexilinea_tree/fastani/FUM002_005.fa	tmp/Flexilinea_tree/fastani/JAE008_005.fa	78.8609	264	658
tmp/Flexilinea_tree/fastani/FUM002_005.fa	tmp/Flexilinea_tree/fastani/ESA006_002.fa	78.7999	124	658
tmp/Flexilinea_tree/fastani/FUM002_005.fa	tmp/Flexilinea_tree/fastani/PES001_013.fa	78.3675	184	658
tmp/Flexilinea_tree/fastani/FUM002_005.fa	tmp/Flexilinea_tree/fastani/PYK004_001.fa	78.2086	11	658
tmp/Flexilinea_tree/fastani/FUM002_005.fa	tmp/Flexilinea_tree/fastani/EMN001_001.fa	77.7719	147	658
tmp/Flexilinea_tree/fastani/FUM002_005.fa	tmp/Flexilinea_tree/fastani/RIG001_015.fa	77.5121	149	658
tmp/Flexilinea_tree/fastani/FUM002_005.fa	tmp/Flexilinea_tree/fastani/PES001_009.fa	76.859	63	658
tmp/Flexilinea_tree/fastani/FUM002_005.fa	tmp/Flexilinea_tree/fastani/GOY005_018.fa	76.5225	45	658
tmp/Flexilinea_tree/fastani/PYK004_001.fa	tmp/Flexilinea_tree/fastani/PYK004_001.fa	100	30	31
tmp/Flexilinea_tree/fastani/PYK004_001.fa	tmp/Flexilinea_tree/fastani/JAE015_012.fa	98.6913	31	31
tmp/Flexilinea_tree/fastani/PYK004_001.fa	tmp/Flexilinea_tree/fastani/VLC001_002.fa	98.6529	31	31
tmp/Flexilinea_tree/fastani/PYK004_001.fa	tmp/Flexilinea_tree/fastani/GCF_001717545.1.fa	98.3434	31	31
tmp/Flexilinea_tree/fastani/PYK004_001.fa	tmp/Flexilinea_tree/fastani/MOA001_001.fa	98.3297	31	31
tmp/Flexilinea_tree/fastani/PYK004_001.fa	tmp/Flexilinea_tree/fastani/OAK003_004.fa	98.157	30	31
tmp/Flexilinea_tree/fastani/PYK004_001.fa	tmp/Flexilinea_tree/fastani/VLC005_010.fa	98.1026	30	31
tmp/Flexilinea_tree/fastani/PYK004_001.fa	tmp/Flexilinea_tree/fastani/VLC008_012.fa	97.8732	31	31
tmp/Flexilinea_tree/fastani/PYK004_001.fa	tmp/Flexilinea_tree/fastani/JAE016_007.fa	97.7665	31	31
tmp/Flexilinea_tree/fastani/PYK004_001.fa	tmp/Flexilinea_tree/fastani/OFN001_004.fa	97.6437	31	31
tmp/Flexilinea_tree/fastani/PYK004_001.fa	tmp/Flexilinea_tree/fastani/TAF008_003.fa	97.4273	31	31
tmp/Flexilinea_tree/fastani/PYK004_001.fa	tmp/Flexilinea_tree/fastani/GCA_905372085.1.fa	97.4018	26	31
tmp/Flexilinea_tree/fastani/PYK004_001.fa	tmp/Flexilinea_tree/fastani/JAE009_025.fa	97.31	29	31
tmp/Flexilinea_tree/fastani/PYK004_001.fa	tmp/Flexilinea_tree/fastani/EMN001_001.fa	97.0167	23	31
tmp/Flexilinea_tree/fastani/PYK004_001.fa	tmp/Flexilinea_tree/fastani/PYK005_007.fa	96.7951	15	31
tmp/Flexilinea_tree/fastani/PYK004_001.fa	tmp/Flexilinea_tree/fastani/RIG001_015.fa	96.6967	26	31
tmp/Flexilinea_tree/fastani/PYK004_001.fa	tmp/Flexilinea_tree/fastani/ECO002_009.fa	96.5795	31	31
tmp/Flexilinea_tree/fastani/PYK004_001.fa	tmp/Flexilinea_tree/fastani/PES001_013.fa	96.0792	22	31
tmp/Flexilinea_tree/fastani/PYK004_001.fa	tmp/Flexilinea_tree/fastani/JAE014_017.fa	95.7346	26	31
tmp/Flexilinea_tree/fastani/PYK004_001.fa	tmp/Flexilinea_tree/fastani/ESA006_002.fa	95.6138	19	31
tmp/Flexilinea_tree/fastani/PYK004_001.fa	tmp/Flexilinea_tree/fastani/JAE008_005.fa	94.3259	29	31
tmp/Flexilinea_tree/fastani/PYK004_001.fa	tmp/Flexilinea_tree/fastani/ECO010_007.fa	92.3615	9	31
tmp/Flexilinea_tree/fastani/PYK004_001.fa	tmp/Flexilinea_tree/fastani/PES001_006.fa	78.9331	17	31
tmp/Flexilinea_tree/fastani/PYK004_001.fa	tmp/Flexilinea_tree/fastani/EMN001_010.fa	78.8106	18	31
tmp/Flexilinea_tree/fastani/PYK004_001.fa	tmp/Flexilinea_tree/fastani/GOY005_016.fa	78.6784	14	31
tmp/Flexilinea_tree/fastani/PYK004_001.fa	tmp/Flexilinea_tree/fastani/RIG001_011.fa	78.5166	16	31
tmp/Flexilinea_tree/fastani/PYK004_001.fa	tmp/Flexilinea_tree/fastani/FUM002_005.fa	78.064	14	31
tmp/Flexilinea_tree/fastani/PYK004_001.fa	tmp/Flexilinea_tree/fastani/EMN001_017.fa	77.7037	8	31
tmp/Flexilinea_tree/fastani/PYK004_001.fa	tmp/Flexilinea_tree/fastani/FUM002_008.fa	77.128	7	31
tmp/Flexilinea_tree/fastani/PYK004_001.fa	tmp/Flexilinea_tree/fastani/GOY005_018.fa	76.6392	7	31
tmp/Flexilinea_tree/fastani/PYK005_007.fa	tmp/Flexilinea_tree/fastani/PYK005_007.fa	100	214	215
tmp/Flexilinea_tree/fastani/PYK005_007.fa	tmp/Flexilinea_tree/fastani/JAE015_012.fa	99.4618	200	215
tmp/Flexilinea_tree/fastani/PYK005_007.fa	tmp/Flexilinea_tree/fastani/VLC001_002.fa	98.7052	205	215
tmp/Flexilinea_tree/fastani/PYK005_007.fa	tmp/Flexilinea_tree/fastani/GCA_905372085.1.fa	98.5627	186	215
tmp/Flexilinea_tree/fastani/PYK005_007.fa	tmp/Flexilinea_tree/fastani/JAE014_017.fa	98.2771	138	215
tmp/Flexilinea_tree/fastani/PYK005_007.fa	tmp/Flexilinea_tree/fastani/JAE016_007.fa	98.2476	192	215
tmp/Flexilinea_tree/fastani/PYK005_007.fa	tmp/Flexilinea_tree/fastani/GCF_001717545.1.fa	98.1733	211	215
tmp/Flexilinea_tree/fastani/PYK005_007.fa	tmp/Flexilinea_tree/fastani/MOA001_001.fa	98.069	210	215
tmp/Flexilinea_tree/fastani/PYK005_007.fa	tmp/Flexilinea_tree/fastani/OAK003_004.fa	98.0391	198	215
tmp/Flexilinea_tree/fastani/PYK005_007.fa	tmp/Flexilinea_tree/fastani/OFN001_004.fa	97.9444	194	215
tmp/Flexilinea_tree/fastani/PYK005_007.fa	tmp/Flexilinea_tree/fastani/TAF008_003.fa	97.8657	207	215
tmp/Flexilinea_tree/fastani/PYK005_007.fa	tmp/Flexilinea_tree/fastani/VLC008_012.fa	97.846	206	215
tmp/Flexilinea_tree/fastani/PYK005_007.fa	tmp/Flexilinea_tree/fastani/JAE009_025.fa	97.7025	190	215
tmp/Flexilinea_tree/fastani/PYK005_007.fa	tmp/Flexilinea_tree/fastani/VLC005_010.fa	97.5761	187	215
tmp/Flexilinea_tree/fastani/PYK005_007.fa	tmp/Flexilinea_tree/fastani/ECO002_009.fa	97.3904	182	215
tmp/Flexilinea_tree/fastani/PYK005_007.fa	tmp/Flexilinea_tree/fastani/PYK004_001.fa	96.7016	14	215
tmp/Flexilinea_tree/fastani/PYK005_007.fa	tmp/Flexilinea_tree/fastani/PES001_013.fa	96.6454	146	215
tmp/Flexilinea_tree/fastani/PYK005_007.fa	tmp/Flexilinea_tree/fastani/EMN001_001.fa	96.4791	132	215
tmp/Flexilinea_tree/fastani/PYK005_007.fa	tmp/Flexilinea_tree/fastani/RIG001_015.fa	96.2681	136	215
tmp/Flexilinea_tree/fastani/PYK005_007.fa	tmp/Flexilinea_tree/fastani/ECO010_007.fa	95.6483	40	215
tmp/Flexilinea_tree/fastani/PYK005_007.fa	tmp/Flexilinea_tree/fastani/ESA006_002.fa	95.4671	122	215
tmp/Flexilinea_tree/fastani/PYK005_007.fa	tmp/Flexilinea_tree/fastani/JAE008_005.fa	94.4998	190	215
tmp/Flexilinea_tree/fastani/PYK005_007.fa	tmp/Flexilinea_tree/fastani/FUM002_005.fa	80.0027	87	215
tmp/Flexilinea_tree/fastani/PYK005_007.fa	tmp/Flexilinea_tree/fastani/EMN001_010.fa	79.8546	104	215
tmp/Flexilinea_tree/fastani/PYK005_007.fa	tmp/Flexilinea_tree/fastani/PES001_006.fa	79.5542	84	215
tmp/Flexilinea_tree/fastani/PYK005_007.fa	tmp/Flexilinea_tree/fastani/GOY005_016.fa	79.3057	70	215
tmp/Flexilinea_tree/fastani/PYK005_007.fa	tmp/Flexilinea_tree/fastani/RIG001_011.fa	78.8524	78	215
tmp/Flexilinea_tree/fastani/ECO010_007.fa	tmp/Flexilinea_tree/fastani/ECO010_007.fa	100	95	97
tmp/Flexilinea_tree/fastani/ECO010_007.fa	tmp/Flexilinea_tree/fastani/OFN001_004.fa	99.0154	91	97
tmp/Flexilinea_tree/fastani/ECO010_007.fa	tmp/Flexilinea_tree/fastani/MOA001_001.fa	99.0047	95	97
tmp/Flexilinea_tree/fastani/ECO010_007.fa	tmp/Flexilinea_tree/fastani/ECO002_009.fa	98.9064	86	97
tmp/Flexilinea_tree/fastani/ECO010_007.fa	tmp/Flexilinea_tree/fastani/TAF008_003.fa	98.8694	95	97
tmp/Flexilinea_tree/fastani/ECO010_007.fa	tmp/Flexilinea_tree/fastani/VLC001_002.fa	98.8328	96	97
tmp/Flexilinea_tree/fastani/ECO010_007.fa	tmp/Flexilinea_tree/fastani/JAE015_012.fa	98.8226	94	97
tmp/Flexilinea_tree/fastani/ECO010_007.fa	tmp/Flexilinea_tree/fastani/GCF_001717545.1.fa	98.7608	96	97
tmp/Flexilinea_tree/fastani/ECO010_007.fa	tmp/Flexilinea_tree/fastani/OAK003_004.fa	98.645	93	97
tmp/Flexilinea_tree/fastani/ECO010_007.fa	tmp/Flexilinea_tree/fastani/JAE016_007.fa	98.6142	94	97
tmp/Flexilinea_tree/fastani/ECO010_007.fa	tmp/Flexilinea_tree/fastani/VLC008_012.fa	98.3394	94	97
tmp/Flexilinea_tree/fastani/ECO010_007.fa	tmp/Flexilinea_tree/fastani/GCA_905372085.1.fa	98.0283	93	97
tmp/Flexilinea_tree/fastani/ECO010_007.fa	tmp/Flexilinea_tree/fastani/VLC005_010.fa	97.7392	91	97
tmp/Flexilinea_tree/fastani/ECO010_007.fa	tmp/Flexilinea_tree/fastani/JAE009_025.fa	97.6627	90	97
tmp/Flexilinea_tree/fastani/ECO010_007.fa	tmp/Flexilinea_tree/fastani/RIG001_015.fa	97.5156	69	97
tmp/Flexilinea_tree/fastani/ECO010_007.fa	tmp/Flexilinea_tree/fastani/PES001_013.fa	97.2495	71	97
tmp/Flexilinea_tree/fastani/ECO010_007.fa	tmp/Flexilinea_tree/fastani/EMN001_001.fa	97.1413	66	97
tmp/Flexilinea_tree/fastani/ECO010_007.fa	tmp/Flexilinea_tree/fastani/JAE014_017.fa	96.9782	68	97
tmp/Flexilinea_tree/fastani/ECO010_007.fa	tmp/Flexilinea_tree/fastani/ESA006_002.fa	95.8521	59	97
tmp/Flexilinea_tree/fastani/ECO010_007.fa	tmp/Flexilinea_tree/fastani/PYK005_007.fa	95.1488	41	97
tmp/Flexilinea_tree/fastani/ECO010_007.fa	tmp/Flexilinea_tree/fastani/JAE008_005.fa	93.798	90	97
tmp/Flexilinea_tree/fastani/ECO010_007.fa	tmp/Flexilinea_tree/fastani/PYK004_001.fa	92.8286	9	97
tmp/Flexilinea_tree/fastani/ECO010_007.fa	tmp/Flexilinea_tree/fastani/FUM002_005.fa	79.8488	34	97
tmp/Flexilinea_tree/fastani/ECO010_007.fa	tmp/Flexilinea_tree/fastani/PES001_006.fa	79.7563	33	97
tmp/Flexilinea_tree/fastani/ECO010_007.fa	tmp/Flexilinea_tree/fastani/EMN001_010.fa	79.4396	45	97
tmp/Flexilinea_tree/fastani/ECO010_007.fa	tmp/Flexilinea_tree/fastani/GOY005_016.fa	78.8312	32	97
tmp/Flexilinea_tree/fastani/ECO010_007.fa	tmp/Flexilinea_tree/fastani/RIG001_011.fa	78.0862	34	97
tmp/Flexilinea_tree/fastani/ECO010_007.fa	tmp/Flexilinea_tree/fastani/EMN001_017.fa	76.5421	21	97
tmp/Flexilinea_tree/fastani/EMN001_017.fa	tmp/Flexilinea_tree/fastani/EMN001_017.fa	100	443	456
tmp/Flexilinea_tree/fastani/EMN001_017.fa	tmp/Flexilinea_tree/fastani/FUM002_008.fa	97.0874	333	456
tmp/Flexilinea_tree/fastani/EMN001_017.fa	tmp/Flexilinea_tree/fastani/PES001_009.fa	96.5728	239	456
tmp/Flexilinea_tree/fastani/EMN001_017.fa	tmp/Flexilinea_tree/fastani/GOY005_018.fa	96.2323	172	456
tmp/Flexilinea_tree/fastani/EMN001_017.fa	tmp/Flexilinea_tree/fastani/JAE016_007.fa	77.6625	142	456
tmp/Flexilinea_tree/fastani/EMN001_017.fa	tmp/Flexilinea_tree/fastani/JAE015_012.fa	77.5948	141	456
tmp/Flexilinea_tree/fastani/EMN001_017.fa	tmp/Flexilinea_tree/fastani/JAE009_025.fa	77.5935	112	456
tmp/Flexilinea_tree/fastani/EMN001_017.fa	tmp/Flexilinea_tree/fastani/VLC005_010.fa	77.5925	128	456
tmp/Flexilinea_tree/fastani/EMN001_017.fa	tmp/Flexilinea_tree/fastani/TAF008_003.fa	77.5918	142	456
tmp/Flexilinea_tree/fastani/EMN001_017.fa	tmp/Flexilinea_tree/fastani/OAK003_004.fa	77.5599	132	456
tmp/Flexilinea_tree/fastani/EMN001_017.fa	tmp/Flexilinea_tree/fastani/OFN001_004.fa	77.5596	126	456
tmp/Flexilinea_tree/fastani/EMN001_017.fa	tmp/Flexilinea_tree/fastani/VLC008_012.fa	77.5478	132	456
tmp/Flexilinea_tree/fastani/EMN001_017.fa	tmp/Flexilinea_tree/fastani/GCA_905372085.1.fa	77.5397	121	456
tmp/Flexilinea_tree/fastani/EMN001_017.fa	tmp/Flexilinea_tree/fastani/JAE008_005.fa	77.5066	118	456
tmp/Flexilinea_tree/fastani/EMN001_017.fa	tmp/Flexilinea_tree/fastani/VLC001_002.fa	77.4821	136	456
tmp/Flexilinea_tree/fastani/EMN001_017.fa	tmp/Flexilinea_tree/fastani/GCF_001717545.1.fa	77.473	141	456
tmp/Flexilinea_tree/fastani/EMN001_017.fa	tmp/Flexilinea_tree/fastani/MOA001_001.fa	77.4604	148	456
tmp/Flexilinea_tree/fastani/EMN001_017.fa	tmp/Flexilinea_tree/fastani/ECO002_009.fa	77.2603	121	456
tmp/Flexilinea_tree/fastani/EMN001_017.fa	tmp/Flexilinea_tree/fastani/PYK004_001.fa	76.9262	8	456
tmp/Flexilinea_tree/fastani/EMN001_017.fa	tmp/Flexilinea_tree/fastani/EMN001_010.fa	76.9202	106	456
tmp/Flexilinea_tree/fastani/RIG001_011.fa	tmp/Flexilinea_tree/fastani/RIG001_011.fa	100	562	571
tmp/Flexilinea_tree/fastani/RIG001_011.fa	tmp/Flexilinea_tree/fastani/EMN001_010.fa	99.4088	540	571
tmp/Flexilinea_tree/fastani/RIG001_011.fa	tmp/Flexilinea_tree/fastani/PES001_006.fa	99.0572	454	571
tmp/Flexilinea_tree/fastani/RIG001_011.fa	tmp/Flexilinea_tree/fastani/FUM002_005.fa	98.732	469	571
tmp/Flexilinea_tree/fastani/RIG001_011.fa	tmp/Flexilinea_tree/fastani/GOY005_016.fa	98.5427	385	571
tmp/Flexilinea_tree/fastani/RIG001_011.fa	tmp/Flexilinea_tree/fastani/GCF_001717545.1.fa	78.9591	275	571
tmp/Flexilinea_tree/fastani/RIG001_011.fa	tmp/Flexilinea_tree/fastani/TAF008_003.fa	78.9088	270	571
tmp/Flexilinea_tree/fastani/RIG001_011.fa	tmp/Flexilinea_tree/fastani/VLC008_012.fa	78.8995	250	571
tmp/Flexilinea_tree/fastani/RIG001_011.fa	tmp/Flexilinea_tree/fastani/VLC001_002.fa	78.8935	249	571
tmp/Flexilinea_tree/fastani/RIG001_011.fa	tmp/Flexilinea_tree/fastani/GCA_905372085.1.fa	78.8838	228	571
tmp/Flexilinea_tree/fastani/RIG001_011.fa	tmp/Flexilinea_tree/fastani/OFN001_004.fa	78.8783	242	571
tmp/Flexilinea_tree/fastani/RIG001_011.fa	tmp/Flexilinea_tree/fastani/MOA001_001.fa	78.828	272	571
tmp/Flexilinea_tree/fastani/RIG001_011.fa	tmp/Flexilinea_tree/fastani/OAK003_004.fa	78.8039	249	571
tmp/Flexilinea_tree/fastani/RIG001_011.fa	tmp/Flexilinea_tree/fastani/PYK005_007.fa	78.7804	78	571
tmp/Flexilinea_tree/fastani/RIG001_011.fa	tmp/Flexilinea_tree/fastani/ECO002_009.fa	78.6775	219	571
tmp/Flexilinea_tree/fastani/RIG001_011.fa	tmp/Flexilinea_tree/fastani/JAE016_007.fa	78.6693	256	571
tmp/Flexilinea_tree/fastani/RIG001_011.fa	tmp/Flexilinea_tree/fastani/JAE015_012.fa	78.6682	255	571
tmp/Flexilinea_tree/fastani/RIG001_011.fa	tmp/Flexilinea_tree/fastani/VLC005_010.fa	78.5829	221	571
tmp/Flexilinea_tree/fastani/RIG001_011.fa	tmp/Flexilinea_tree/fastani/JAE009_025.fa	78.523	224	571
tmp/Flexilinea_tree/fastani/RIG001_011.fa	tmp/Flexilinea_tree/fastani/ESA006_002.fa	78.5136	107	571
tmp/Flexilinea_tree/fastani/RIG001_011.fa	tmp/Flexilinea_tree/fastani/JAE008_005.fa	78.4721	234	571
tmp/Flexilinea_tree/fastani/RIG001_011.fa	tmp/Flexilinea_tree/fastani/ECO010_007.fa	78.4622	26	571
tmp/Flexilinea_tree/fastani/RIG001_011.fa	tmp/Flexilinea_tree/fastani/JAE014_017.fa	78.2814	133	571
tmp/Flexilinea_tree/fastani/RIG001_011.fa	tmp/Flexilinea_tree/fastani/PES001_013.fa	78.0103	173	571
tmp/Flexilinea_tree/fastani/RIG001_011.fa	tmp/Flexilinea_tree/fastani/EMN001_001.fa	77.7657	137	571
tmp/Flexilinea_tree/fastani/RIG001_011.fa	tmp/Flexilinea_tree/fastani/PYK004_001.fa	77.7407	14	571
tmp/Flexilinea_tree/fastani/RIG001_011.fa	tmp/Flexilinea_tree/fastani/RIG001_015.fa	77.0162	143	571
tmp/Flexilinea_tree/fastani/ECO002_009.fa	tmp/Flexilinea_tree/fastani/ECO002_009.fa	100	603	612
tmp/Flexilinea_tree/fastani/ECO002_009.fa	tmp/Flexilinea_tree/fastani/OFN001_004.fa	99.2437	569	612
tmp/Flexilinea_tree/fastani/ECO002_009.fa	tmp/Flexilinea_tree/fastani/TAF008_003.fa	99.1503	586	612
tmp/Flexilinea_tree/fastani/ECO002_009.fa	tmp/Flexilinea_tree/fastani/MOA001_001.fa	99.0176	600	612
tmp/Flexilinea_tree/fastani/ECO002_009.fa	tmp/Flexilinea_tree/fastani/OAK003_004.fa	98.9318	568	612
tmp/Flexilinea_tree/fastani/ECO002_009.fa	tmp/Flexilinea_tree/fastani/JAE015_012.fa	98.8905	565	612
tmp/Flexilinea_tree/fastani/ECO002_009.fa	tmp/Flexilinea_tree/fastani/JAE016_007.fa	98.8708	565	612
tmp/Flexilinea_tree/fastani/ECO002_009.fa	tmp/Flexilinea_tree/fastani/VLC001_002.fa	98.822	570	612
tmp/Flexilinea_tree/fastani/ECO002_009.fa	tmp/Flexilinea_tree/fastani/GCF_001717545.1.fa	98.7379	607	612
tmp/Flexilinea_tree/fastani/ECO002_009.fa	tmp/Flexilinea_tree/fastani/VLC008_012.fa	98.7118	562	612
tmp/Flexilinea_tree/fastani/ECO002_009.fa	tmp/Flexilinea_tree/fastani/GCA_905372085.1.fa	98.6195	498	612
tmp/Flexilinea_tree/fastani/ECO002_009.fa	tmp/Flexilinea_tree/fastani/RIG001_015.fa	98.5583	348	612
tmp/Flexilinea_tree/fastani/ECO002_009.fa	tmp/Flexilinea_tree/fastani/PES001_013.fa	98.5109	375	612
tmp/Flexilinea_tree/fastani/ECO002_009.fa	tmp/Flexilinea_tree/fastani/EMN001_001.fa	98.4657	326	612
tmp/Flexilinea_tree/fastani/ECO002_009.fa	tmp/Flexilinea_tree/fastani/VLC005_010.fa	98.3242	519	612
tmp/Flexilinea_tree/fastani/ECO002_009.fa	tmp/Flexilinea_tree/fastani/JAE009_025.fa	98.1909	483	612
tmp/Flexilinea_tree/fastani/ECO002_009.fa	tmp/Flexilinea_tree/fastani/JAE014_017.fa	97.9108	307	612
tmp/Flexilinea_tree/fastani/ECO002_009.fa	tmp/Flexilinea_tree/fastani/ECO010_007.fa	97.8727	84	612
tmp/Flexilinea_tree/fastani/ECO002_009.fa	tmp/Flexilinea_tree/fastani/ESA006_002.fa	97.366	246	612
tmp/Flexilinea_tree/fastani/ECO002_009.fa	tmp/Flexilinea_tree/fastani/PYK005_007.fa	96.3503	179	612
tmp/Flexilinea_tree/fastani/ECO002_009.fa	tmp/Flexilinea_tree/fastani/PYK004_001.fa	95.5072	29	612
tmp/Flexilinea_tree/fastani/ECO002_009.fa	tmp/Flexilinea_tree/fastani/JAE008_005.fa	93.8644	506	612
tmp/Flexilinea_tree/fastani/ECO002_009.fa	tmp/Flexilinea_tree/fastani/EMN001_010.fa	79.5188	309	612
tmp/Flexilinea_tree/fastani/ECO002_009.fa	tmp/Flexilinea_tree/fastani/PES001_006.fa	79.5005	252	612
tmp/Flexilinea_tree/fastani/ECO002_009.fa	tmp/Flexilinea_tree/fastani/FUM002_005.fa	79.2996	252	612
tmp/Flexilinea_tree/fastani/ECO002_009.fa	tmp/Flexilinea_tree/fastani/GOY005_016.fa	79.2824	214	612
tmp/Flexilinea_tree/fastani/ECO002_009.fa	tmp/Flexilinea_tree/fastani/RIG001_011.fa	78.5466	227	612
tmp/Flexilinea_tree/fastani/ECO002_009.fa	tmp/Flexilinea_tree/fastani/PES001_009.fa	77.2653	70	612
tmp/Flexilinea_tree/fastani/ECO002_009.fa	tmp/Flexilinea_tree/fastani/EMN001_017.fa	77.2195	123	612
tmp/Flexilinea_tree/fastani/ECO002_009.fa	tmp/Flexilinea_tree/fastani/FUM002_008.fa	77.0181	105	612
tmp/Flexilinea_tree/fastani/ECO002_009.fa	tmp/Flexilinea_tree/fastani/GOY005_018.fa	76.8877	45	612
tmp/Flexilinea_tree/fastani/VLC008_012.fa	tmp/Flexilinea_tree/fastani/VLC008_012.fa	100	833	840
tmp/Flexilinea_tree/fastani/VLC008_012.fa	tmp/Flexilinea_tree/fastani/VLC001_002.fa	98.6614	762	840
tmp/Flexilinea_tree/fastani/VLC008_012.fa	tmp/Flexilinea_tree/fastani/TAF008_003.fa	98.5587	725	840
tmp/Flexilinea_tree/fastani/VLC008_012.fa	tmp/Flexilinea_tree/fastani/JAE015_012.fa	98.5433	763	840
tmp/Flexilinea_tree/fastani/VLC008_012.fa	tmp/Flexilinea_tree/fastani/MOA001_001.fa	98.5082	793	840
tmp/Flexilinea_tree/fastani/VLC008_012.fa	tmp/Flexilinea_tree/fastani/GCA_905372085.1.fa	98.4776	632	840
tmp/Flexilinea_tree/fastani/VLC008_012.fa	tmp/Flexilinea_tree/fastani/OFN001_004.fa	98.4675	679	840
tmp/Flexilinea_tree/fastani/VLC008_012.fa	tmp/Flexilinea_tree/fastani/JAE016_007.fa	98.4496	728	840
tmp/Flexilinea_tree/fastani/VLC008_012.fa	tmp/Flexilinea_tree/fastani/GCF_001717545.1.fa	98.3912	815	840
tmp/Flexilinea_tree/fastani/VLC008_012.fa	tmp/Flexilinea_tree/fastani/ECO002_009.fa	98.3812	557	840
tmp/Flexilinea_tree/fastani/VLC008_012.fa	tmp/Flexilinea_tree/fastani/OAK003_004.fa	98.3745	722	840
tmp/Flexilinea_tree/fastani/VLC008_012.fa	tmp/Flexilinea_tree/fastani/JAE009_025.fa	98.3122	602	840
tmp/Flexilinea_tree/fastani/VLC008_012.fa	tmp/Flexilinea_tree/fastani/VLC005_010.fa	98.2334	635	840
tmp/Flexilinea_tree/fastani/VLC008_012.fa	tmp/Flexilinea_tree/fastani/PES001_013.fa	98.1525	429	840
tmp/Flexilinea_tree/fastani/VLC008_012.fa	tmp/Flexilinea_tree/fastani/EMN001_001.fa	97.9109	367	840
tmp/Flexilinea_tree/fastani/VLC008_012.fa	tmp/Flexilinea_tree/fastani/RIG001_015.fa	97.7974	386	840
tmp/Flexilinea_tree/fastani/VLC008_012.fa	tmp/Flexilinea_tree/fastani/JAE014_017.fa	97.7921	362	840
tmp/Flexilinea_tree/fastani/VLC008_012.fa	tmp/Flexilinea_tree/fastani/ESA006_002.fa	97.6051	276	840
tmp/Flexilinea_tree/fastani/VLC008_012.fa	tmp/Flexilinea_tree/fastani/ECO010_007.fa	96.9839	91	840
tmp/Flexilinea_tree/fastani/VLC008_012.fa	tmp/Flexilinea_tree/fastani/PYK005_007.fa	96.9323	204	840
tmp/Flexilinea_tree/fastani/VLC008_012.fa	tmp/Flexilinea_tree/fastani/PYK004_001.fa	95.7668	29	840
tmp/Flexilinea_tree/fastani/VLC008_012.fa	tmp/Flexilinea_tree/fastani/JAE008_005.fa	94.3105	632	840
tmp/Flexilinea_tree/fastani/VLC008_012.fa	tmp/Flexilinea_tree/fastani/GOY005_016.fa	79.7855	226	840
tmp/Flexilinea_tree/fastani/VLC008_012.fa	tmp/Flexilinea_tree/fastani/EMN001_010.fa	79.7061	359	840
tmp/Flexilinea_tree/fastani/VLC008_012.fa	tmp/Flexilinea_tree/fastani/FUM002_005.fa	79.6151	287	840
tmp/Flexilinea_tree/fastani/VLC008_012.fa	tmp/Flexilinea_tree/fastani/PES001_006.fa	79.4996	283	840
tmp/Flexilinea_tree/fastani/VLC008_012.fa	tmp/Flexilinea_tree/fastani/RIG001_011.fa	79.1308	248	840
tmp/Flexilinea_tree/fastani/VLC008_012.fa	tmp/Flexilinea_tree/fastani/PES001_009.fa	77.5019	81	840
tmp/Flexilinea_tree/fastani/VLC008_012.fa	tmp/Flexilinea_tree/fastani/EMN001_017.fa	77.2361	141	840
tmp/Flexilinea_tree/fastani/VLC008_012.fa	tmp/Flexilinea_tree/fastani/FUM002_008.fa	77.0542	131	840
tmp/Flexilinea_tree/fastani/VLC008_012.fa	tmp/Flexilinea_tree/fastani/GOY005_018.fa	77.0443	65	840
tmp/Flexilinea_tree/fastani/PES001_013.fa	tmp/Flexilinea_tree/fastani/PES001_013.fa	100	451	458
tmp/Flexilinea_tree/fastani/PES001_013.fa	tmp/Flexilinea_tree/fastani/OFN001_004.fa	98.9794	425	458
tmp/Flexilinea_tree/fastani/PES001_013.fa	tmp/Flexilinea_tree/fastani/TAF008_003.fa	98.9103	444	458
tmp/Flexilinea_tree/fastani/PES001_013.fa	tmp/Flexilinea_tree/fastani/OAK003_004.fa	98.7527	430	458
tmp/Flexilinea_tree/fastani/PES001_013.fa	tmp/Flexilinea_tree/fastani/MOA001_001.fa	98.7052	454	458
tmp/Flexilinea_tree/fastani/PES001_013.fa	tmp/Flexilinea_tree/fastani/JAE016_007.fa	98.638	430	458
tmp/Flexilinea_tree/fastani/PES001_013.fa	tmp/Flexilinea_tree/fastani/JAE015_012.fa	98.5899	437	458
tmp/Flexilinea_tree/fastani/PES001_013.fa	tmp/Flexilinea_tree/fastani/VLC001_002.fa	98.5813	441	458
tmp/Flexilinea_tree/fastani/PES001_013.fa	tmp/Flexilinea_tree/fastani/ECO002_009.fa	98.4871	373	458
tmp/Flexilinea_tree/fastani/PES001_013.fa	tmp/Flexilinea_tree/fastani/GCF_001717545.1.fa	98.4669	451	458
tmp/Flexilinea_tree/fastani/PES001_013.fa	tmp/Flexilinea_tree/fastani/VLC008_012.fa	98.4502	435	458
tmp/Flexilinea_tree/fastani/PES001_013.fa	tmp/Flexilinea_tree/fastani/GCA_905372085.1.fa	98.3753	378	458
tmp/Flexilinea_tree/fastani/PES001_013.fa	tmp/Flexilinea_tree/fastani/RIG001_015.fa	98.3369	307	458
tmp/Flexilinea_tree/fastani/PES001_013.fa	tmp/Flexilinea_tree/fastani/VLC005_010.fa	98.2741	390	458
tmp/Flexilinea_tree/fastani/PES001_013.fa	tmp/Flexilinea_tree/fastani/JAE009_025.fa	97.9474	370	458
tmp/Flexilinea_tree/fastani/PES001_013.fa	tmp/Flexilinea_tree/fastani/EMN001_001.fa	97.8212	292	458
tmp/Flexilinea_tree/fastani/PES001_013.fa	tmp/Flexilinea_tree/fastani/JAE014_017.fa	97.3662	250	458
tmp/Flexilinea_tree/fastani/PES001_013.fa	tmp/Flexilinea_tree/fastani/ECO010_007.fa	96.7465	66	458
tmp/Flexilinea_tree/fastani/PES001_013.fa	tmp/Flexilinea_tree/fastani/ESA006_002.fa	96.3851	216	458
tmp/Flexilinea_tree/fastani/PES001_013.fa	tmp/Flexilinea_tree/fastani/PYK004_001.fa	95.6651	24	458
tmp/Flexilinea_tree/fastani/PES001_013.fa	tmp/Flexilinea_tree/fastani/PYK005_007.fa	95.6089	148	458
tmp/Flexilinea_tree/fastani/PES001_013.fa	tmp/Flexilinea_tree/fastani/JAE008_005.fa	93.5525	414	458
tmp/Flexilinea_tree/fastani/PES001_013.fa	tmp/Flexilinea_tree/fastani/EMN001_010.fa	78.4286	215	458
tmp/Flexilinea_tree/fastani/PES001_013.fa	tmp/Flexilinea_tree/fastani/FUM002_005.fa	78.3295	178	458
tmp/Flexilinea_tree/fastani/PES001_013.fa	tmp/Flexilinea_tree/fastani/RIG001_011.fa	78.2554	166	458
tmp/Flexilinea_tree/fastani/PES001_013.fa	tmp/Flexilinea_tree/fastani/GOY005_016.fa	78.0428	154	458
tmp/Flexilinea_tree/fastani/PES001_013.fa	tmp/Flexilinea_tree/fastani/PES001_006.fa	77.8418	181	458
tmp/Flexilinea_tree/fastani/JAE014_017.fa	tmp/Flexilinea_tree/fastani/JAE014_017.fa	99.9999	394	396
tmp/Flexilinea_tree/fastani/JAE014_017.fa	tmp/Flexilinea_tree/fastani/JAE015_012.fa	99.8437	383	396
tmp/Flexilinea_tree/fastani/JAE014_017.fa	tmp/Flexilinea_tree/fastani/VLC001_002.fa	99.0394	380	396
tmp/Flexilinea_tree/fastani/JAE014_017.fa	tmp/Flexilinea_tree/fastani/GCA_905372085.1.fa	98.8405	330	396
tmp/Flexilinea_tree/fastani/JAE014_017.fa	tmp/Flexilinea_tree/fastani/GCF_001717545.1.fa	98.6766	384	396
tmp/Flexilinea_tree/fastani/JAE014_017.fa	tmp/Flexilinea_tree/fastani/MOA001_001.fa	98.4748	379	396
tmp/Flexilinea_tree/fastani/JAE014_017.fa	tmp/Flexilinea_tree/fastani/TAF008_003.fa	98.4594	356	396
tmp/Flexilinea_tree/fastani/JAE014_017.fa	tmp/Flexilinea_tree/fastani/JAE016_007.fa	98.4285	363	396
tmp/Flexilinea_tree/fastani/JAE014_017.fa	tmp/Flexilinea_tree/fastani/VLC008_012.fa	98.4121	359	396
tmp/Flexilinea_tree/fastani/JAE014_017.fa	tmp/Flexilinea_tree/fastani/OAK003_004.fa	98.4108	362	396
tmp/Flexilinea_tree/fastani/JAE014_017.fa	tmp/Flexilinea_tree/fastani/OFN001_004.fa	98.3735	355	396
tmp/Flexilinea_tree/fastani/JAE014_017.fa	tmp/Flexilinea_tree/fastani/ECO002_009.fa	98.195	307	396
tmp/Flexilinea_tree/fastani/JAE014_017.fa	tmp/Flexilinea_tree/fastani/VLC005_010.fa	98.0318	337	396
tmp/Flexilinea_tree/fastani/JAE014_017.fa	tmp/Flexilinea_tree/fastani/JAE009_025.fa	97.7546	330	396
tmp/Flexilinea_tree/fastani/JAE014_017.fa	tmp/Flexilinea_tree/fastani/PES001_013.fa	97.6191	248	396
tmp/Flexilinea_tree/fastani/JAE014_017.fa	tmp/Flexilinea_tree/fastani/PYK005_007.fa	97.5233	140	396
tmp/Flexilinea_tree/fastani/JAE014_017.fa	tmp/Flexilinea_tree/fastani/RIG001_015.fa	97.4119	239	396
tmp/Flexilinea_tree/fastani/JAE014_017.fa	tmp/Flexilinea_tree/fastani/EMN001_001.fa	97.3311	224	396
tmp/Flexilinea_tree/fastani/JAE014_017.fa	tmp/Flexilinea_tree/fastani/ESA006_002.fa	96.7709	182	396
tmp/Flexilinea_tree/fastani/JAE014_017.fa	tmp/Flexilinea_tree/fastani/ECO010_007.fa	96.6545	60	396
tmp/Flexilinea_tree/fastani/JAE014_017.fa	tmp/Flexilinea_tree/fastani/PYK004_001.fa	95.941	24	396
tmp/Flexilinea_tree/fastani/JAE014_017.fa	tmp/Flexilinea_tree/fastani/JAE008_005.fa	94.0249	346	396
tmp/Flexilinea_tree/fastani/JAE014_017.fa	tmp/Flexilinea_tree/fastani/EMN001_010.fa	79.6089	192	396
tmp/Flexilinea_tree/fastani/JAE014_017.fa	tmp/Flexilinea_tree/fastani/GOY005_016.fa	79.4415	133	396
tmp/Flexilinea_tree/fastani/JAE014_017.fa	tmp/Flexilinea_tree/fastani/FUM002_005.fa	79.3451	155	396
tmp/Flexilinea_tree/fastani/JAE014_017.fa	tmp/Flexilinea_tree/fastani/PES001_006.fa	79.32	147	396
tmp/Flexilinea_tree/fastani/JAE014_017.fa	tmp/Flexilinea_tree/fastani/RIG001_011.fa	78.4355	139	396
tmp/Flexilinea_tree/fastani/GOY005_016.fa	tmp/Flexilinea_tree/fastani/GOY005_016.fa	100	476	483
tmp/Flexilinea_tree/fastani/GOY005_016.fa	tmp/Flexilinea_tree/fastani/EMN001_010.fa	99.3915	465	483
tmp/Flexilinea_tree/fastani/GOY005_016.fa	tmp/Flexilinea_tree/fastani/FUM002_005.fa	99.0074	428	483
tmp/Flexilinea_tree/fastani/GOY005_016.fa	tmp/Flexilinea_tree/fastani/PES001_006.fa	98.939	396	483
tmp/Flexilinea_tree/fastani/GOY005_016.fa	tmp/Flexilinea_tree/fastani/RIG001_011.fa	98.8536	375	483
tmp/Flexilinea_tree/fastani/GOY005_016.fa	tmp/Flexilinea_tree/fastani/ECO010_007.fa	79.6544	27	483
tmp/Flexilinea_tree/fastani/GOY005_016.fa	tmp/Flexilinea_tree/fastani/OAK003_004.fa	79.5759	222	483
tmp/Flexilinea_tree/fastani/GOY005_016.fa	tmp/Flexilinea_tree/fastani/PYK005_007.fa	79.5683	70	483
tmp/Flexilinea_tree/fastani/GOY005_016.fa	tmp/Flexilinea_tree/fastani/ECO002_009.fa	79.5647	204	483
tmp/Flexilinea_tree/fastani/GOY005_016.fa	tmp/Flexilinea_tree/fastani/OFN001_004.fa	79.5634	226	483
tmp/Flexilinea_tree/fastani/GOY005_016.fa	tmp/Flexilinea_tree/fastani/VLC008_012.fa	79.533	221	483
tmp/Flexilinea_tree/fastani/GOY005_016.fa	tmp/Flexilinea_tree/fastani/MOA001_001.fa	79.4944	241	483
tmp/Flexilinea_tree/fastani/GOY005_016.fa	tmp/Flexilinea_tree/fastani/JAE014_017.fa	79.488	131	483
tmp/Flexilinea_tree/fastani/GOY005_016.fa	tmp/Flexilinea_tree/fastani/GCF_001717545.1.fa	79.4527	246	483
tmp/Flexilinea_tree/fastani/GOY005_016.fa	tmp/Flexilinea_tree/fastani/TAF008_003.fa	79.4302	232	483
tmp/Flexilinea_tree/fastani/GOY005_016.fa	tmp/Flexilinea_tree/fastani/GCA_905372085.1.fa	79.403	197	483
tmp/Flexilinea_tree/fastani/GOY005_016.fa	tmp/Flexilinea_tree/fastani/JAE015_012.fa	79.3414	226	483
tmp/Flexilinea_tree/fastani/GOY005_016.fa	tmp/Flexilinea_tree/fastani/VLC001_002.fa	79.2717	234	483
tmp/Flexilinea_tree/fastani/GOY005_016.fa	tmp/Flexilinea_tree/fastani/VLC005_010.fa	79.2327	212	483
tmp/Flexilinea_tree/fastani/GOY005_016.fa	tmp/Flexilinea_tree/fastani/JAE009_025.fa	79.1815	195	483
tmp/Flexilinea_tree/fastani/GOY005_016.fa	tmp/Flexilinea_tree/fastani/JAE016_007.fa	79.1066	222	483
tmp/Flexilinea_tree/fastani/GOY005_016.fa	tmp/Flexilinea_tree/fastani/JAE008_005.fa	78.725	208	483
tmp/Flexilinea_tree/fastani/GOY005_016.fa	tmp/Flexilinea_tree/fastani/ESA006_002.fa	78.7212	107	483
tmp/Flexilinea_tree/fastani/GOY005_016.fa	tmp/Flexilinea_tree/fastani/PES001_013.fa	78.0238	146	483
tmp/Flexilinea_tree/fastani/GOY005_016.fa	tmp/Flexilinea_tree/fastani/EMN001_001.fa	77.4938	116	483
tmp/Flexilinea_tree/fastani/GOY005_016.fa	tmp/Flexilinea_tree/fastani/RIG001_015.fa	77.4447	122	483
tmp/Flexilinea_tree/fastani/GOY005_016.fa	tmp/Flexilinea_tree/fastani/PYK004_001.fa	75.7547	11	483
tmp/Flexilinea_tree/fastani/JAE016_007.fa	tmp/Flexilinea_tree/fastani/JAE016_007.fa	100	840	845
tmp/Flexilinea_tree/fastani/JAE016_007.fa	tmp/Flexilinea_tree/fastani/TAF008_003.fa	98.7552	735	845
tmp/Flexilinea_tree/fastani/JAE016_007.fa	tmp/Flexilinea_tree/fastani/JAE015_012.fa	98.6488	747	845
tmp/Flexilinea_tree/fastani/JAE016_007.fa	tmp/Flexilinea_tree/fastani/MOA001_001.fa	98.6406	800	845
tmp/Flexilinea_tree/fastani/JAE016_007.fa	tmp/Flexilinea_tree/fastani/VLC001_002.fa	98.6281	752	845
tmp/Flexilinea_tree/fastani/JAE016_007.fa	tmp/Flexilinea_tree/fastani/OFN001_004.fa	98.6094	679	845
tmp/Flexilinea_tree/fastani/JAE016_007.fa	tmp/Flexilinea_tree/fastani/GCA_905372085.1.fa	98.6035	635	845
tmp/Flexilinea_tree/fastani/JAE016_007.fa	tmp/Flexilinea_tree/fastani/ECO002_009.fa	98.5586	558	845
tmp/Flexilinea_tree/fastani/JAE016_007.fa	tmp/Flexilinea_tree/fastani/OAK003_004.fa	98.5184	709	845
tmp/Flexilinea_tree/fastani/JAE016_007.fa	tmp/Flexilinea_tree/fastani/GCF_001717545.1.fa	98.4893	815	845
tmp/Flexilinea_tree/fastani/JAE016_007.fa	tmp/Flexilinea_tree/fastani/VLC008_012.fa	98.3569	720	845
tmp/Flexilinea_tree/fastani/JAE016_007.fa	tmp/Flexilinea_tree/fastani/JAE009_025.fa	98.3117	592	845
tmp/Flexilinea_tree/fastani/JAE016_007.fa	tmp/Flexilinea_tree/fastani/VLC005_010.fa	98.1972	626	845
tmp/Flexilinea_tree/fastani/JAE016_007.fa	tmp/Flexilinea_tree/fastani/PES001_013.fa	98.1965	429	845
tmp/Flexilinea_tree/fastani/JAE016_007.fa	tmp/Flexilinea_tree/fastani/RIG001_015.fa	98.0538	386	845
tmp/Flexilinea_tree/fastani/JAE016_007.fa	tmp/Flexilinea_tree/fastani/EMN001_001.fa	98.0249	365	845
tmp/Flexilinea_tree/fastani/JAE016_007.fa	tmp/Flexilinea_tree/fastani/JAE014_017.fa	97.8733	362	845
tmp/Flexilinea_tree/fastani/JAE016_007.fa	tmp/Flexilinea_tree/fastani/ESA006_002.fa	97.6829	269	845
tmp/Flexilinea_tree/fastani/JAE016_007.fa	tmp/Flexilinea_tree/fastani/ECO010_007.fa	97.3013	91	845
tmp/Flexilinea_tree/fastani/JAE016_007.fa	tmp/Flexilinea_tree/fastani/PYK005_007.fa	97.2053	191	845
tmp/Flexilinea_tree/fastani/JAE016_007.fa	tmp/Flexilinea_tree/fastani/PYK004_001.fa	97.0167	29	845
tmp/Flexilinea_tree/fastani/JAE016_007.fa	tmp/Flexilinea_tree/fastani/JAE008_005.fa	94.0727	624	845
tmp/Flexilinea_tree/fastani/JAE016_007.fa	tmp/Flexilinea_tree/fastani/PES001_006.fa	79.401	290	845
tmp/Flexilinea_tree/fastani/JAE016_007.fa	tmp/Flexilinea_tree/fastani/EMN001_010.fa	79.3111	362	845
tmp/Flexilinea_tree/fastani/JAE016_007.fa	tmp/Flexilinea_tree/fastani/GOY005_016.fa	79.2299	228	845
tmp/Flexilinea_tree/fastani/JAE016_007.fa	tmp/Flexilinea_tree/fastani/FUM002_005.fa	79.1321	287	845
tmp/Flexilinea_tree/fastani/JAE016_007.fa	tmp/Flexilinea_tree/fastani/RIG001_011.fa	78.7795	253	845
tmp/Flexilinea_tree/fastani/JAE016_007.fa	tmp/Flexilinea_tree/fastani/EMN001_017.fa	77.6689	146	845
tmp/Flexilinea_tree/fastani/JAE016_007.fa	tmp/Flexilinea_tree/fastani/FUM002_008.fa	77.3382	126	845
tmp/Flexilinea_tree/fastani/JAE016_007.fa	tmp/Flexilinea_tree/fastani/GOY005_018.fa	77.1866	61	845
tmp/Flexilinea_tree/fastani/JAE016_007.fa	tmp/Flexilinea_tree/fastani/PES001_009.fa	77.1307	82	845
tmp/Flexilinea_tree/fastani/FUM002_008.fa	tmp/Flexilinea_tree/fastani/FUM002_008.fa	100	457	466
tmp/Flexilinea_tree/fastani/FUM002_008.fa	tmp/Flexilinea_tree/fastani/GOY005_018.fa	97.9541	181	466
tmp/Flexilinea_tree/fastani/FUM002_008.fa	tmp/Flexilinea_tree/fastani/PES001_009.fa	97.314	240	466
tmp/Flexilinea_tree/fastani/FUM002_008.fa	tmp/Flexilinea_tree/fastani/EMN001_017.fa	96.8675	329	466
tmp/Flexilinea_tree/fastani/FUM002_008.fa	tmp/Flexilinea_tree/fastani/EMN001_010.fa	77.8937	102	466
tmp/Flexilinea_tree/fastani/FUM002_008.fa	tmp/Flexilinea_tree/fastani/GCA_905372085.1.fa	77.3262	110	466
tmp/Flexilinea_tree/fastani/FUM002_008.fa	tmp/Flexilinea_tree/fastani/JAE015_012.fa	77.2873	130	466
tmp/Flexilinea_tree/fastani/FUM002_008.fa	tmp/Flexilinea_tree/fastani/TAF008_003.fa	77.2572	138	466
tmp/Flexilinea_tree/fastani/FUM002_008.fa	tmp/Flexilinea_tree/fastani/VLC001_002.fa	77.2566	130	466
tmp/Flexilinea_tree/fastani/FUM002_008.fa	tmp/Flexilinea_tree/fastani/JAE016_007.fa	77.2348	135	466
tmp/Flexilinea_tree/fastani/FUM002_008.fa	tmp/Flexilinea_tree/fastani/MOA001_001.fa	77.2244	137	466
tmp/Flexilinea_tree/fastani/FUM002_008.fa	tmp/Flexilinea_tree/fastani/OFN001_004.fa	77.1716	126	466
tmp/Flexilinea_tree/fastani/FUM002_008.fa	tmp/Flexilinea_tree/fastani/GCF_001717545.1.fa	77.1438	136	466
tmp/Flexilinea_tree/fastani/FUM002_008.fa	tmp/Flexilinea_tree/fastani/VLC008_012.fa	77.125	131	466
tmp/Flexilinea_tree/fastani/FUM002_008.fa	tmp/Flexilinea_tree/fastani/OAK003_004.fa	77.0865	129	466
tmp/Flexilinea_tree/fastani/FUM002_008.fa	tmp/Flexilinea_tree/fastani/JAE008_005.fa	77.0536	123	466
tmp/Flexilinea_tree/fastani/FUM002_008.fa	tmp/Flexilinea_tree/fastani/JAE009_025.fa	76.9273	116	466
tmp/Flexilinea_tree/fastani/FUM002_008.fa	tmp/Flexilinea_tree/fastani/VLC005_010.fa	76.9031	118	466
tmp/Flexilinea_tree/fastani/FUM002_008.fa	tmp/Flexilinea_tree/fastani/ECO002_009.fa	76.8149	116	466
tmp/Flexilinea_tree/fastani/TAF008_003.fa	tmp/Flexilinea_tree/fastani/TAF008_003.fa	100	841	850
tmp/Flexilinea_tree/fastani/TAF008_003.fa	tmp/Flexilinea_tree/fastani/OAK003_004.fa	99.0402	739	850
tmp/Flexilinea_tree/fastani/TAF008_003.fa	tmp/Flexilinea_tree/fastani/OFN001_004.fa	99.0112	689	850
tmp/Flexilinea_tree/fastani/TAF008_003.fa	tmp/Flexilinea_tree/fastani/MOA001_001.fa	98.9665	824	850
tmp/Flexilinea_tree/fastani/TAF008_003.fa	tmp/Flexilinea_tree/fastani/JAE015_012.fa	98.8461	754	850
tmp/Flexilinea_tree/fastani/TAF008_003.fa	tmp/Flexilinea_tree/fastani/ECO002_009.fa	98.8255	573	850
tmp/Flexilinea_tree/fastani/TAF008_003.fa	tmp/Flexilinea_tree/fastani/VLC001_002.fa	98.7975	744	850
tmp/Flexilinea_tree/fastani/TAF008_003.fa	tmp/Flexilinea_tree/fastani/JAE016_007.fa	98.7939	735	850
tmp/Flexilinea_tree/fastani/TAF008_003.fa	tmp/Flexilinea_tree/fastani/GCA_905372085.1.fa	98.7475	634	850
tmp/Flexilinea_tree/fastani/TAF008_003.fa	tmp/Flexilinea_tree/fastani/VLC008_012.fa	98.6003	731	850
tmp/Flexilinea_tree/fastani/TAF008_003.fa	tmp/Flexilinea_tree/fastani/GCF_001717545.1.fa	98.5998	835	850
tmp/Flexilinea_tree/fastani/TAF008_003.fa	tmp/Flexilinea_tree/fastani/PES001_013.fa	98.5693	437	850
tmp/Flexilinea_tree/fastani/TAF008_003.fa	tmp/Flexilinea_tree/fastani/RIG001_015.fa	98.4911	392	850
tmp/Flexilinea_tree/fastani/TAF008_003.fa	tmp/Flexilinea_tree/fastani/VLC005_010.fa	98.4478	623	850
tmp/Flexilinea_tree/fastani/TAF008_003.fa	tmp/Flexilinea_tree/fastani/JAE009_025.fa	98.4345	588	850
tmp/Flexilinea_tree/fastani/TAF008_003.fa	tmp/Flexilinea_tree/fastani/EMN001_001.fa	98.3975	375	850
tmp/Flexilinea_tree/fastani/TAF008_003.fa	tmp/Flexilinea_tree/fastani/JAE014_017.fa	98.0823	357	850
tmp/Flexilinea_tree/fastani/TAF008_003.fa	tmp/Flexilinea_tree/fastani/ESA006_002.fa	98.0725	277	850
tmp/Flexilinea_tree/fastani/TAF008_003.fa	tmp/Flexilinea_tree/fastani/ECO010_007.fa	97.4225	93	850
tmp/Flexilinea_tree/fastani/TAF008_003.fa	tmp/Flexilinea_tree/fastani/PYK005_007.fa	96.984	203	850
tmp/Flexilinea_tree/fastani/TAF008_003.fa	tmp/Flexilinea_tree/fastani/PYK004_001.fa	96.1308	29	850
tmp/Flexilinea_tree/fastani/TAF008_003.fa	tmp/Flexilinea_tree/fastani/JAE008_005.fa	93.863	645	850
tmp/Flexilinea_tree/fastani/TAF008_003.fa	tmp/Flexilinea_tree/fastani/EMN001_010.fa	79.889	364	850
tmp/Flexilinea_tree/fastani/TAF008_003.fa	tmp/Flexilinea_tree/fastani/GOY005_016.fa	79.5574	246	850
tmp/Flexilinea_tree/fastani/TAF008_003.fa	tmp/Flexilinea_tree/fastani/PES001_006.fa	79.4625	298	850
tmp/Flexilinea_tree/fastani/TAF008_003.fa	tmp/Flexilinea_tree/fastani/FUM002_005.fa	79.4097	305	850
tmp/Flexilinea_tree/fastani/TAF008_003.fa	tmp/Flexilinea_tree/fastani/RIG001_011.fa	78.7463	263	850
tmp/Flexilinea_tree/fastani/TAF008_003.fa	tmp/Flexilinea_tree/fastani/EMN001_017.fa	77.2973	155	850
tmp/Flexilinea_tree/fastani/TAF008_003.fa	tmp/Flexilinea_tree/fastani/PES001_009.fa	77.2377	90	850
tmp/Flexilinea_tree/fastani/TAF008_003.fa	tmp/Flexilinea_tree/fastani/FUM002_008.fa	77.1578	139	850
tmp/Flexilinea_tree/fastani/TAF008_003.fa	tmp/Flexilinea_tree/fastani/GOY005_018.fa	77.0433	70	850
tmp/Flexilinea_tree/fastani/GCA_002407845.1.fa	tmp/Flexilinea_tree/fastani/GCA_002407845.1.fa	99.9999	848	849
tmp/Flexilinea_tree/fastani/GCA_017432685.1.fa	tmp/Flexilinea_tree/fastani/GCA_017432685.1.fa	100	1238	1245
tmp/Flexilinea_tree/fastani/GCA_017432685.1.fa	tmp/Flexilinea_tree/fastani/GCA_017433665.1.fa	78.5178	293	1245
tmp/Flexilinea_tree/fastani/GCA_012515195.1.fa	tmp/Flexilinea_tree/fastani/GCA_012515195.1.fa	100	864	874
tmp/Flexilinea_tree/fastani/GCA_017433665.1.fa	tmp/Flexilinea_tree/fastani/GCA_017433665.1.fa	100	853	863
tmp/Flexilinea_tree/fastani/GCA_017433665.1.fa	tmp/Flexilinea_tree/fastani/GCA_017432685.1.fa	78.5791	285	863
tmp/Flexilinea_tree/fastani/GCA_002329625.1.fa	tmp/Flexilinea_tree/fastani/GCA_002329625.1.fa	100	583	595
tmp/Flexilinea_tree/fastani/GCA_002329625.1.fa	tmp/Flexilinea_tree/fastani/GCA_018056295.1.fa	94.743	406	595
tmp/Flexilinea_tree/fastani/GCA_002329625.1.fa	tmp/Flexilinea_tree/fastani/GCA_022837205.1.fa	94.3559	426	595
tmp/Flexilinea_tree/fastani/GCA_002305345.1.fa	tmp/Flexilinea_tree/fastani/GCA_002305345.1.fa	100	830	839
tmp/Flexilinea_tree/fastani/GCA_002305345.1.fa	tmp/Flexilinea_tree/fastani/GCF_001192795.1.fa	98.9428	823	839
tmp/Flexilinea_tree/fastani/GCF_001192795.1.fa	tmp/Flexilinea_tree/fastani/GCF_001192795.1.fa	100	1167	1168
tmp/Flexilinea_tree/fastani/GCF_001192795.1.fa	tmp/Flexilinea_tree/fastani/GCA_002305345.1.fa	98.7979	816	1168
tmp/Flexilinea_tree/fastani/GCA_012798535.1.fa	tmp/Flexilinea_tree/fastani/GCA_012798535.1.fa	100	1115	1120
tmp/Flexilinea_tree/fastani/GCA_022837205.1.fa	tmp/Flexilinea_tree/fastani/GCA_022837205.1.fa	100	605	618
tmp/Flexilinea_tree/fastani/GCA_022837205.1.fa	tmp/Flexilinea_tree/fastani/GCA_018056295.1.fa	97.6106	416	618
tmp/Flexilinea_tree/fastani/GCA_022837205.1.fa	tmp/Flexilinea_tree/fastani/GCA_002329625.1.fa	94.5701	417	618
tmp/Flexilinea_tree/fastani/GCF_001717545.1.fa	tmp/Flexilinea_tree/fastani/GCF_001717545.1.fa	100	980	981
tmp/Flexilinea_tree/fastani/GCF_001717545.1.fa	tmp/Flexilinea_tree/fastani/GCA_905372085.1.fa	98.7598	703	981
tmp/Flexilinea_tree/fastani/GCF_001717545.1.fa	tmp/Flexilinea_tree/fastani/VLC001_002.fa	98.7493	817	981
tmp/Flexilinea_tree/fastani/GCF_001717545.1.fa	tmp/Flexilinea_tree/fastani/JAE015_012.fa	98.7033	834	981
tmp/Flexilinea_tree/fastani/GCF_001717545.1.fa	tmp/Flexilinea_tree/fastani/OFN001_004.fa	98.5243	732	981
tmp/Flexilinea_tree/fastani/GCF_001717545.1.fa	tmp/Flexilinea_tree/fastani/TAF008_003.fa	98.5129	819	981
tmp/Flexilinea_tree/fastani/GCF_001717545.1.fa	tmp/Flexilinea_tree/fastani/MOA001_001.fa	98.4903	924	981
tmp/Flexilinea_tree/fastani/GCF_001717545.1.fa	tmp/Flexilinea_tree/fastani/ECO002_009.fa	98.4772	592	981
tmp/Flexilinea_tree/fastani/GCF_001717545.1.fa	tmp/Flexilinea_tree/fastani/JAE016_007.fa	98.3756	814	981
tmp/Flexilinea_tree/fastani/GCF_001717545.1.fa	tmp/Flexilinea_tree/fastani/VLC008_012.fa	98.3393	801	981
tmp/Flexilinea_tree/fastani/GCF_001717545.1.fa	tmp/Flexilinea_tree/fastani/OAK003_004.fa	98.3341	786	981
tmp/Flexilinea_tree/fastani/GCF_001717545.1.fa	tmp/Flexilinea_tree/fastani/JAE014_017.fa	98.2072	379	981
tmp/Flexilinea_tree/fastani/GCF_001717545.1.fa	tmp/Flexilinea_tree/fastani/VLC005_010.fa	98.1662	676	981
tmp/Flexilinea_tree/fastani/GCF_001717545.1.fa	tmp/Flexilinea_tree/fastani/JAE009_025.fa	98.144	658	981
tmp/Flexilinea_tree/fastani/GCF_001717545.1.fa	tmp/Flexilinea_tree/fastani/RIG001_015.fa	98.0628	399	981
tmp/Flexilinea_tree/fastani/GCF_001717545.1.fa	tmp/Flexilinea_tree/fastani/PES001_013.fa	98.0486	444	981
tmp/Flexilinea_tree/fastani/GCF_001717545.1.fa	tmp/Flexilinea_tree/fastani/EMN001_001.fa	97.9734	390	981
tmp/Flexilinea_tree/fastani/GCF_001717545.1.fa	tmp/Flexilinea_tree/fastani/ESA006_002.fa	97.7507	280	981
tmp/Flexilinea_tree/fastani/GCF_001717545.1.fa	tmp/Flexilinea_tree/fastani/ECO010_007.fa	97.667	95	981
tmp/Flexilinea_tree/fastani/GCF_001717545.1.fa	tmp/Flexilinea_tree/fastani/PYK005_007.fa	97.358	210	981
tmp/Flexilinea_tree/fastani/GCF_001717545.1.fa	tmp/Flexilinea_tree/fastani/PYK004_001.fa	97.0518	30	981
tmp/Flexilinea_tree/fastani/GCF_001717545.1.fa	tmp/Flexilinea_tree/fastani/JAE008_005.fa	94.2447	685	981
tmp/Flexilinea_tree/fastani/GCF_001717545.1.fa	tmp/Flexilinea_tree/fastani/EMN001_010.fa	79.8351	405	981
tmp/Flexilinea_tree/fastani/GCF_001717545.1.fa	tmp/Flexilinea_tree/fastani/FUM002_005.fa	79.7298	319	981
tmp/Flexilinea_tree/fastani/GCF_001717545.1.fa	tmp/Flexilinea_tree/fastani/PES001_006.fa	79.6082	309	981
tmp/Flexilinea_tree/fastani/GCF_001717545.1.fa	tmp/Flexilinea_tree/fastani/GOY005_016.fa	79.4441	265	981
tmp/Flexilinea_tree/fastani/GCF_001717545.1.fa	tmp/Flexilinea_tree/fastani/RIG001_011.fa	78.6429	296	981
tmp/Flexilinea_tree/fastani/GCF_001717545.1.fa	tmp/Flexilinea_tree/fastani/GOY005_018.fa	77.1825	69	981
tmp/Flexilinea_tree/fastani/GCF_001717545.1.fa	tmp/Flexilinea_tree/fastani/PES001_009.fa	77.1824	98	981
tmp/Flexilinea_tree/fastani/GCF_001717545.1.fa	tmp/Flexilinea_tree/fastani/EMN001_017.fa	77.1609	159	981
tmp/Flexilinea_tree/fastani/GCF_001717545.1.fa	tmp/Flexilinea_tree/fastani/FUM002_008.fa	77.024	146	981
tmp/Flexilinea_tree/fastani/GCA_018056295.1.fa	tmp/Flexilinea_tree/fastani/GCA_018056295.1.fa	100	575	584
tmp/Flexilinea_tree/fastani/GCA_018056295.1.fa	tmp/Flexilinea_tree/fastani/GCA_022837205.1.fa	97.7648	424	584
tmp/Flexilinea_tree/fastani/GCA_018056295.1.fa	tmp/Flexilinea_tree/fastani/GCA_002329625.1.fa	95.0806	419	584
tmp/Flexilinea_tree/fastani/GCA_905372085.1.fa	tmp/Flexilinea_tree/fastani/GCA_905372085.1.fa	100	729	734
tmp/Flexilinea_tree/fastani/GCA_905372085.1.fa	tmp/Flexilinea_tree/fastani/JAE015_012.fa	99.4753	659	734
tmp/Flexilinea_tree/fastani/GCA_905372085.1.fa	tmp/Flexilinea_tree/fastani/VLC001_002.fa	99.1497	650	734
tmp/Flexilinea_tree/fastani/GCA_905372085.1.fa	tmp/Flexilinea_tree/fastani/GCF_001717545.1.fa	98.8962	715	734
tmp/Flexilinea_tree/fastani/GCA_905372085.1.fa	tmp/Flexilinea_tree/fastani/JAE016_007.fa	98.7581	652	734
tmp/Flexilinea_tree/fastani/GCA_905372085.1.fa	tmp/Flexilinea_tree/fastani/TAF008_003.fa	98.7497	647	734
tmp/Flexilinea_tree/fastani/GCA_905372085.1.fa	tmp/Flexilinea_tree/fastani/MOA001_001.fa	98.7459	699	734
tmp/Flexilinea_tree/fastani/GCA_905372085.1.fa	tmp/Flexilinea_tree/fastani/OFN001_004.fa	98.6568	581	734
tmp/Flexilinea_tree/fastani/GCA_905372085.1.fa	tmp/Flexilinea_tree/fastani/VLC008_012.fa	98.6309	642	734
tmp/Flexilinea_tree/fastani/GCA_905372085.1.fa	tmp/Flexilinea_tree/fastani/OAK003_004.fa	98.625	633	734
tmp/Flexilinea_tree/fastani/GCA_905372085.1.fa	tmp/Flexilinea_tree/fastani/ECO002_009.fa	98.5448	495	734
tmp/Flexilinea_tree/fastani/GCA_905372085.1.fa	tmp/Flexilinea_tree/fastani/JAE014_017.fa	98.4892	333	734
tmp/Flexilinea_tree/fastani/GCA_905372085.1.fa	tmp/Flexilinea_tree/fastani/JAE009_025.fa	98.3611	539	734
tmp/Flexilinea_tree/fastani/GCA_905372085.1.fa	tmp/Flexilinea_tree/fastani/VLC005_010.fa	98.2704	547	734
tmp/Flexilinea_tree/fastani/GCA_905372085.1.fa	tmp/Flexilinea_tree/fastani/RIG001_015.fa	98.118	346	734
tmp/Flexilinea_tree/fastani/GCA_905372085.1.fa	tmp/Flexilinea_tree/fastani/PES001_013.fa	97.9889	377	734
tmp/Flexilinea_tree/fastani/GCA_905372085.1.fa	tmp/Flexilinea_tree/fastani/EMN001_001.fa	97.8375	332	734
tmp/Flexilinea_tree/fastani/GCA_905372085.1.fa	tmp/Flexilinea_tree/fastani/PYK005_007.fa	97.5881	186	734
tmp/Flexilinea_tree/fastani/GCA_905372085.1.fa	tmp/Flexilinea_tree/fastani/PYK004_001.fa	97.4661	24	734
tmp/Flexilinea_tree/fastani/GCA_905372085.1.fa	tmp/Flexilinea_tree/fastani/ESA006_002.fa	97.4308	249	734
tmp/Flexilinea_tree/fastani/GCA_905372085.1.fa	tmp/Flexilinea_tree/fastani/ECO010_007.fa	97.0695	92	734
tmp/Flexilinea_tree/fastani/GCA_905372085.1.fa	tmp/Flexilinea_tree/fastani/JAE008_005.fa	93.9635	555	734
tmp/Flexilinea_tree/fastani/GCA_905372085.1.fa	tmp/Flexilinea_tree/fastani/EMN001_010.fa	79.8466	310	734
tmp/Flexilinea_tree/fastani/GCA_905372085.1.fa	tmp/Flexilinea_tree/fastani/FUM002_005.fa	79.5719	253	734
tmp/Flexilinea_tree/fastani/GCA_905372085.1.fa	tmp/Flexilinea_tree/fastani/GOY005_016.fa	79.3512	212	734
tmp/Flexilinea_tree/fastani/GCA_905372085.1.fa	tmp/Flexilinea_tree/fastani/PES001_006.fa	79.3437	254	734
tmp/Flexilinea_tree/fastani/GCA_905372085.1.fa	tmp/Flexilinea_tree/fastani/RIG001_011.fa	79.0079	227	734
tmp/Flexilinea_tree/fastani/GCA_905372085.1.fa	tmp/Flexilinea_tree/fastani/EMN001_017.fa	77.7456	114	734
tmp/Flexilinea_tree/fastani/GCA_905372085.1.fa	tmp/Flexilinea_tree/fastani/PES001_009.fa	77.5297	71	734
tmp/Flexilinea_tree/fastani/GCA_905372085.1.fa	tmp/Flexilinea_tree/fastani/GOY005_018.fa	77.2763	57	734
tmp/Flexilinea_tree/fastani/GCA_905372085.1.fa	tmp/Flexilinea_tree/fastani/FUM002_008.fa	77.1465	110	734
